{
  "type": "FeatureCollection",
  "_source": "OpenStreetMap (ODbL)",
  "_sample": false,
  "_readme": "Walkable paths and drivable roads. The roads in this file came from OpenStreetMap (ODbL) — a community base to trace against. Trace more with the in-app draw tool: kind (path | road | steps) and optional surface (paved | unpaved). Routing topology comes from exact coordinate identity: where two lines join, their shared endpoints MUST be the same point, so snap new lines to existing endpoints.",
  "features": [
    {
      "type": "Feature",
      "properties": {
        "kind": "road"
      },
      "geometry": {
        "type": "LineString",
        "coordinates": [
          [
            77.659454,
            12.90173
          ],
          [
            77.660231,
            12.901717
          ],
          [
            77.660495,
            12.901713
          ],
          [
            77.660603,
            12.901697
          ],
          [
            77.660726,
            12.901604
          ],
          [
            77.660973,
            12.901341
          ],
          [
            77.661084,
            12.901309
          ],
          [
            77.66166,
            12.901157
          ],
          [
            77.66178,
            12.901165
          ],
          [
            77.661987,
            12.901141
          ],
          [
            77.66257,
            12.900947
          ],
          [
            77.662913,
            12.900872
          ],
          [
            77.66335,
            12.900708
          ],
          [
            77.663387,
            12.900692
          ],
          [
            77.663431,
            12.900672
          ],
          [
            77.663576,
            12.900608
          ],
          [
            77.663867,
            12.90048
          ],
          [
            77.664296,
            12.900291
          ],
          [
            77.664622,
            12.900147
          ],
          [
            77.664931,
            12.899922
          ],
          [
            77.665252,
            12.899825
          ],
          [
            77.665831,
            12.89965
          ],
          [
            77.666174,
            12.899467
          ],
          [
            77.666236,
            12.899456
          ],
          [
            77.666316,
            12.899443
          ],
          [
            77.666617,
            12.899393
          ],
          [
            77.666923,
            12.899275
          ],
          [
            77.667058,
            12.899223
          ],
          [
            77.667176,
            12.898969
          ],
          [
            77.667163,
            12.89875
          ],
          [
            77.667187,
            12.898714
          ],
          [
            77.667866,
            12.897748
          ],
          [
            77.667909,
            12.897688
          ],
          [
            77.668015,
            12.897536
          ],
          [
            77.668177,
            12.897307
          ],
          [
            77.668206,
            12.897264
          ],
          [
            77.668251,
            12.897201
          ],
          [
            77.668587,
            12.896811
          ],
          [
            77.668829,
            12.896565
          ],
          [
            77.669271,
            12.896154
          ],
          [
            77.669356,
            12.896074
          ],
          [
            77.670253,
            12.895652
          ],
          [
            77.670956,
            12.89518
          ],
          [
            77.671463,
            12.895013
          ]
        ]
      }
    },
    {
      "type": "Feature",
      "properties": {
        "kind": "road",
        "surface": "asphalt"
      },
      "geometry": {
        "type": "LineString",
        "coordinates": [
          [
            77.677625,
            12.913915
          ],
          [
            77.677627,
            12.913781
          ],
          [
            77.677621,
            12.913624
          ],
          [
            77.677553,
            12.913591
          ],
          [
            77.677509,
            12.913569
          ],
          [
            77.677351,
            12.913537
          ],
          [
            77.677236,
            12.913512
          ],
          [
            77.67717,
            12.913497
          ],
          [
            77.67706,
            12.913429
          ],
          [
            77.676955,
            12.913257
          ],
          [
            77.67693,
            12.913196
          ],
          [
            77.676841,
            12.912978
          ],
          [
            77.676753,
            12.912764
          ],
          [
            77.67673,
            12.912684
          ],
          [
            77.676693,
            12.912555
          ],
          [
            77.67666,
            12.912369
          ],
          [
            77.676623,
            12.911986
          ],
          [
            77.676615,
            12.911846
          ],
          [
            77.676608,
            12.911732
          ],
          [
            77.676603,
            12.911655
          ],
          [
            77.67659,
            12.911326
          ],
          [
            77.676566,
            12.91101
          ],
          [
            77.676594,
            12.91066
          ],
          [
            77.676608,
            12.910539
          ],
          [
            77.676615,
            12.910406
          ],
          [
            77.676601,
            12.910329
          ],
          [
            77.676413,
            12.910002
          ],
          [
            77.676404,
            12.909987
          ],
          [
            77.676382,
            12.909948
          ],
          [
            77.676237,
            12.909697
          ],
          [
            77.676221,
            12.909639
          ],
          [
            77.676213,
            12.909608
          ],
          [
            77.676214,
            12.909489
          ],
          [
            77.676233,
            12.90944
          ],
          [
            77.676265,
            12.90937
          ],
          [
            77.676385,
            12.909069
          ],
          [
            77.676389,
            12.908956
          ],
          [
            77.676331,
            12.908801
          ],
          [
            77.67621,
            12.908563
          ],
          [
            77.676059,
            12.908249
          ],
          [
            77.67605,
            12.908233
          ],
          [
            77.676026,
            12.908188
          ],
          [
            77.675912,
            12.907974
          ],
          [
            77.675743,
            12.907607
          ],
          [
            77.675701,
            12.907475
          ],
          [
            77.675681,
            12.90735
          ],
          [
            77.675683,
            12.907281
          ],
          [
            77.675686,
            12.907208
          ],
          [
            77.675694,
            12.906705
          ],
          [
            77.675695,
            12.906663
          ],
          [
            77.675692,
            12.90612
          ],
          [
            77.675694,
            12.906084
          ],
          [
            77.675697,
            12.906035
          ],
          [
            77.675698,
            12.906021
          ],
          [
            77.675712,
            12.905796
          ],
          [
            77.675743,
            12.905707
          ],
          [
            77.675759,
            12.905661
          ],
          [
            77.675914,
            12.905335
          ],
          [
            77.67603,
            12.905091
          ],
          [
            77.67602,
            12.904952
          ],
          [
            77.676015,
            12.904876
          ],
          [
            77.675987,
            12.904478
          ],
          [
            77.675979,
            12.904367
          ],
          [
            77.675938,
            12.904088
          ],
          [
            77.675927,
            12.904013
          ],
          [
            77.675885,
            12.903627
          ],
          [
            77.675855,
            12.903347
          ],
          [
            77.675817,
            12.903047
          ],
          [
            77.675803,
            12.902932
          ],
          [
            77.67579,
            12.902822
          ],
          [
            77.675756,
            12.902547
          ],
          [
            77.675685,
            12.901909
          ],
          [
            77.675639,
            12.901497
          ],
          [
            77.675603,
            12.901181
          ],
          [
            77.675571,
            12.90095
          ],
          [
            77.675536,
            12.900705
          ],
          [
            77.675534,
            12.900694
          ],
          [
            77.675522,
            12.900608
          ],
          [
            77.675515,
            12.900507
          ],
          [
            77.675505,
            12.900376
          ],
          [
            77.675494,
            12.900232
          ],
          [
            77.675473,
            12.900013
          ],
          [
            77.675472,
            12.899957
          ],
          [
            77.675465,
            12.899411
          ],
          [
            77.675462,
            12.899226
          ],
          [
            77.675457,
            12.898891
          ],
          [
            77.675451,
            12.898119
          ],
          [
            77.675448,
            12.897706
          ],
          [
            77.675419,
            12.897534
          ],
          [
            77.67538,
            12.897421
          ],
          [
            77.675283,
            12.897144
          ],
          [
            77.675186,
            12.896864
          ],
          [
            77.675159,
            12.896788
          ],
          [
            77.674786,
            12.895718
          ]
        ]
      }
    },
    {
      "type": "Feature",
      "properties": {
        "kind": "road"
      },
      "geometry": {
        "type": "LineString",
        "coordinates": [
          [
            77.673548,
            12.900071
          ],
          [
            77.673553,
            12.90013
          ],
          [
            77.673667,
            12.9022
          ]
        ]
      }
    },
    {
      "type": "Feature",
      "properties": {
        "kind": "road"
      },
      "geometry": {
        "type": "LineString",
        "coordinates": [
          [
            77.673304,
            12.90011
          ],
          [
            77.673171,
            12.900117
          ],
          [
            77.673241,
            12.901456
          ],
          [
            77.673363,
            12.90145
          ],
          [
            77.673379,
            12.901749
          ],
          [
            77.673406,
            12.902253
          ]
        ]
      }
    },
    {
      "type": "Feature",
      "properties": {
        "kind": "road"
      },
      "geometry": {
        "type": "LineString",
        "coordinates": [
          [
            77.678552,
            12.894929
          ],
          [
            77.678262,
            12.894122
          ]
        ]
      }
    },
    {
      "type": "Feature",
      "properties": {
        "kind": "road"
      },
      "geometry": {
        "type": "LineString",
        "coordinates": [
          [
            77.67268,
            12.898873
          ],
          [
            77.67321,
            12.898876
          ],
          [
            77.67377,
            12.89888
          ],
          [
            77.674347,
            12.898884
          ],
          [
            77.674903,
            12.898888
          ],
          [
            77.675181,
            12.89889
          ],
          [
            77.675345,
            12.898891
          ],
          [
            77.675457,
            12.898891
          ]
        ]
      }
    },
    {
      "type": "Feature",
      "properties": {
        "kind": "road"
      },
      "geometry": {
        "type": "LineString",
        "coordinates": [
          [
            77.67717,
            12.902062
          ],
          [
            77.677096,
            12.901672
          ],
          [
            77.677087,
            12.901629
          ],
          [
            77.676996,
            12.901551
          ],
          [
            77.676846,
            12.900611
          ],
          [
            77.676752,
            12.899923
          ]
        ]
      }
    },
    {
      "type": "Feature",
      "properties": {
        "kind": "road"
      },
      "geometry": {
        "type": "LineString",
        "coordinates": [
          [
            77.676666,
            12.901699
          ],
          [
            77.676627,
            12.901378
          ],
          [
            77.676566,
            12.900927
          ],
          [
            77.676526,
            12.900611
          ],
          [
            77.676453,
            12.89998
          ]
        ]
      }
    },
    {
      "type": "Feature",
      "properties": {
        "kind": "road"
      },
      "geometry": {
        "type": "LineString",
        "coordinates": [
          [
            77.673757,
            12.898191
          ],
          [
            77.67377,
            12.89888
          ],
          [
            77.673791,
            12.899965
          ]
        ]
      }
    },
    {
      "type": "Feature",
      "properties": {
        "kind": "road"
      },
      "geometry": {
        "type": "LineString",
        "coordinates": [
          [
            77.674352,
            12.89815
          ],
          [
            77.674347,
            12.898884
          ],
          [
            77.674347,
            12.899948
          ]
        ]
      }
    },
    {
      "type": "Feature",
      "properties": {
        "kind": "road",
        "surface": "asphalt"
      },
      "geometry": {
        "type": "LineString",
        "coordinates": [
          [
            77.67297,
            12.888506
          ],
          [
            77.673356,
            12.888436
          ],
          [
            77.674673,
            12.888405
          ],
          [
            77.675315,
            12.888405
          ],
          [
            77.675706,
            12.888405
          ],
          [
            77.676028,
            12.888405
          ],
          [
            77.67628,
            12.888405
          ],
          [
            77.676678,
            12.888397
          ],
          [
            77.676738,
            12.888395
          ],
          [
            77.67677,
            12.888397
          ],
          [
            77.676918,
            12.888403
          ],
          [
            77.67726,
            12.888418
          ],
          [
            77.67735,
            12.888421
          ],
          [
            77.677524,
            12.888429
          ],
          [
            77.677599,
            12.888432
          ],
          [
            77.67783,
            12.888458
          ],
          [
            77.678039,
            12.888482
          ],
          [
            77.678556,
            12.888531
          ],
          [
            77.679226,
            12.888592
          ],
          [
            77.680015,
            12.888497
          ],
          [
            77.680521,
            12.888711
          ],
          [
            77.68091,
            12.888723
          ],
          [
            77.680976,
            12.888719
          ],
          [
            77.681312,
            12.888698
          ],
          [
            77.681387,
            12.888733
          ],
          [
            77.681404,
            12.888862
          ],
          [
            77.681402,
            12.888978
          ],
          [
            77.681331,
            12.88931
          ],
          [
            77.681315,
            12.889609
          ],
          [
            77.681297,
            12.889684
          ],
          [
            77.681296,
            12.889798
          ],
          [
            77.681293,
            12.89007
          ],
          [
            77.681366,
            12.89064
          ],
          [
            77.68136,
            12.890731
          ],
          [
            77.681344,
            12.890954
          ],
          [
            77.681326,
            12.891227
          ],
          [
            77.681315,
            12.891383
          ],
          [
            77.681317,
            12.891446
          ],
          [
            77.681313,
            12.891598
          ],
          [
            77.681323,
            12.89166
          ],
          [
            77.681296,
            12.891976
          ],
          [
            77.68127,
            12.892087
          ],
          [
            77.68125,
            12.892202
          ],
          [
            77.681216,
            12.892248
          ],
          [
            77.681124,
            12.8923
          ],
          [
            77.68105,
            12.89232
          ],
          [
            77.680004,
            12.892597
          ],
          [
            77.679786,
            12.892654
          ],
          [
            77.679574,
            12.892727
          ],
          [
            77.679376,
            12.892791
          ],
          [
            77.679169,
            12.89285
          ],
          [
            77.678969,
            12.892907
          ],
          [
            77.678743,
            12.892973
          ],
          [
            77.678519,
            12.893037
          ],
          [
            77.678354,
            12.893085
          ],
          [
            77.678298,
            12.893151
          ],
          [
            77.678278,
            12.893175
          ],
          [
            77.678265,
            12.893374
          ],
          [
            77.678291,
            12.893496
          ],
          [
            77.678358,
            12.893813
          ],
          [
            77.678335,
            12.894005
          ],
          [
            77.678262,
            12.894122
          ],
          [
            77.677971,
            12.894285
          ],
          [
            77.677487,
            12.894541
          ],
          [
            77.677375,
            12.894587
          ],
          [
            77.676503,
            12.894968
          ],
          [
            77.676204,
            12.895098
          ],
          [
            77.675442,
            12.895431
          ],
          [
            77.674786,
            12.895718
          ]
        ]
      }
    },
    {
      "type": "Feature",
      "properties": {
        "kind": "road"
      },
      "geometry": {
        "type": "LineString",
        "coordinates": [
          [
            77.678036,
            12.891746
          ],
          [
            77.678635,
            12.891708
          ],
          [
            77.678862,
            12.891694
          ],
          [
            77.679082,
            12.89168
          ],
          [
            77.679301,
            12.891666
          ],
          [
            77.679529,
            12.891652
          ]
        ]
      }
    },
    {
      "type": "Feature",
      "properties": {
        "kind": "road"
      },
      "geometry": {
        "type": "LineString",
        "coordinates": [
          [
            77.681293,
            12.89007
          ],
          [
            77.682487,
            12.889954
          ],
          [
            77.682754,
            12.889924
          ],
          [
            77.683181,
            12.889919
          ],
          [
            77.68376,
            12.889886
          ],
          [
            77.684102,
            12.889913
          ],
          [
            77.684172,
            12.889926
          ]
        ]
      }
    },
    {
      "type": "Feature",
      "properties": {
        "kind": "road"
      },
      "geometry": {
        "type": "LineString",
        "coordinates": [
          [
            77.682748,
            12.890217
          ],
          [
            77.683245,
            12.890173
          ],
          [
            77.683867,
            12.890118
          ],
          [
            77.68399,
            12.890091
          ],
          [
            77.684076,
            12.890088
          ]
        ]
      }
    },
    {
      "type": "Feature",
      "properties": {
        "kind": "road"
      },
      "geometry": {
        "type": "LineString",
        "coordinates": [
          [
            77.681331,
            12.88931
          ],
          [
            77.683015,
            12.889289
          ],
          [
            77.683044,
            12.889303
          ],
          [
            77.68306,
            12.88933
          ],
          [
            77.683055,
            12.889506
          ],
          [
            77.683047,
            12.889531
          ],
          [
            77.683035,
            12.889545
          ],
          [
            77.681315,
            12.889609
          ]
        ]
      }
    },
    {
      "type": "Feature",
      "properties": {
        "kind": "road"
      },
      "geometry": {
        "type": "LineString",
        "coordinates": [
          [
            77.681297,
            12.889684
          ],
          [
            77.680225,
            12.889731
          ]
        ]
      }
    },
    {
      "type": "Feature",
      "properties": {
        "kind": "road",
        "surface": "concrete"
      },
      "geometry": {
        "type": "LineString",
        "coordinates": [
          [
            77.677971,
            12.894285
          ],
          [
            77.678215,
            12.895029
          ],
          [
            77.678265,
            12.895182
          ]
        ]
      }
    },
    {
      "type": "Feature",
      "properties": {
        "kind": "road",
        "surface": "unpaved"
      },
      "geometry": {
        "type": "LineString",
        "coordinates": [
          [
            77.678923,
            12.895104
          ],
          [
            77.679612,
            12.894792
          ],
          [
            77.680695,
            12.894299
          ]
        ]
      }
    },
    {
      "type": "Feature",
      "properties": {
        "kind": "road"
      },
      "geometry": {
        "type": "LineString",
        "coordinates": [
          [
            77.679007,
            12.89544
          ],
          [
            77.679768,
            12.895115
          ]
        ]
      }
    },
    {
      "type": "Feature",
      "properties": {
        "kind": "road"
      },
      "geometry": {
        "type": "LineString",
        "coordinates": [
          [
            77.679535,
            12.894613
          ],
          [
            77.679504,
            12.894496
          ],
          [
            77.679498,
            12.894477
          ],
          [
            77.679333,
            12.893851
          ],
          [
            77.679239,
            12.893496
          ],
          [
            77.679171,
            12.893239
          ]
        ]
      }
    },
    {
      "type": "Feature",
      "properties": {
        "kind": "road",
        "surface": "unpaved"
      },
      "geometry": {
        "type": "LineString",
        "coordinates": [
          [
            77.678912,
            12.894799
          ],
          [
            77.678754,
            12.894281
          ],
          [
            77.678605,
            12.893735
          ]
        ]
      }
    },
    {
      "type": "Feature",
      "properties": {
        "kind": "road"
      },
      "geometry": {
        "type": "LineString",
        "coordinates": [
          [
            77.679175,
            12.894629
          ],
          [
            77.678893,
            12.893606
          ]
        ]
      }
    },
    {
      "type": "Feature",
      "properties": {
        "kind": "road"
      },
      "geometry": {
        "type": "LineString",
        "coordinates": [
          [
            77.678358,
            12.893813
          ],
          [
            77.678605,
            12.893735
          ],
          [
            77.678893,
            12.893606
          ],
          [
            77.679239,
            12.893496
          ],
          [
            77.679493,
            12.893425
          ],
          [
            77.67967,
            12.893382
          ]
        ]
      }
    },
    {
      "type": "Feature",
      "properties": {
        "kind": "road"
      },
      "geometry": {
        "type": "LineString",
        "coordinates": [
          [
            77.678291,
            12.893496
          ],
          [
            77.679171,
            12.893239
          ],
          [
            77.679423,
            12.893136
          ],
          [
            77.679657,
            12.893072
          ]
        ]
      }
    },
    {
      "type": "Feature",
      "properties": {
        "kind": "road",
        "surface": "unpaved"
      },
      "geometry": {
        "type": "LineString",
        "coordinates": [
          [
            77.679745,
            12.894351
          ],
          [
            77.679705,
            12.894196
          ],
          [
            77.679683,
            12.894079
          ],
          [
            77.679608,
            12.893812
          ],
          [
            77.679493,
            12.893425
          ],
          [
            77.679423,
            12.893136
          ],
          [
            77.679376,
            12.892791
          ]
        ]
      }
    },
    {
      "type": "Feature",
      "properties": {
        "kind": "road",
        "surface": "unpaved"
      },
      "geometry": {
        "type": "LineString",
        "coordinates": [
          [
            77.679745,
            12.894351
          ],
          [
            77.680546,
            12.893989
          ],
          [
            77.680598,
            12.893993
          ]
        ]
      }
    },
    {
      "type": "Feature",
      "properties": {
        "kind": "road"
      },
      "geometry": {
        "type": "LineString",
        "coordinates": [
          [
            77.680721,
            12.896011
          ],
          [
            77.680779,
            12.896289
          ],
          [
            77.680842,
            12.896594
          ],
          [
            77.680904,
            12.896898
          ],
          [
            77.680966,
            12.897196
          ],
          [
            77.681026,
            12.897485
          ]
        ]
      }
    },
    {
      "type": "Feature",
      "properties": {
        "kind": "road"
      },
      "geometry": {
        "type": "LineString",
        "coordinates": [
          [
            77.680204,
            12.897339
          ],
          [
            77.680966,
            12.897196
          ],
          [
            77.68162,
            12.897109
          ],
          [
            77.681965,
            12.897064
          ]
        ]
      }
    },
    {
      "type": "Feature",
      "properties": {
        "kind": "road"
      },
      "geometry": {
        "type": "LineString",
        "coordinates": [
          [
            77.680141,
            12.897015
          ],
          [
            77.680904,
            12.896898
          ],
          [
            77.681581,
            12.896795
          ]
        ]
      }
    },
    {
      "type": "Feature",
      "properties": {
        "kind": "road"
      },
      "geometry": {
        "type": "LineString",
        "coordinates": [
          [
            77.681407,
            12.895901
          ],
          [
            77.680721,
            12.896011
          ],
          [
            77.68047,
            12.896049
          ],
          [
            77.679832,
            12.89616
          ]
        ]
      }
    },
    {
      "type": "Feature",
      "properties": {
        "kind": "road",
        "surface": "asphalt"
      },
      "geometry": {
        "type": "LineString",
        "coordinates": [
          [
            77.681747,
            12.897691
          ],
          [
            77.68302,
            12.897523
          ],
          [
            77.683343,
            12.897479
          ],
          [
            77.683968,
            12.897395
          ],
          [
            77.684066,
            12.897408
          ],
          [
            77.684307,
            12.898096
          ],
          [
            77.684368,
            12.898309
          ],
          [
            77.684621,
            12.899194
          ],
          [
            77.684685,
            12.899367
          ],
          [
            77.684724,
            12.899432
          ],
          [
            77.684784,
            12.899482
          ],
          [
            77.684839,
            12.899498
          ]
        ]
      }
    },
    {
      "type": "Feature",
      "properties": {
        "kind": "road"
      },
      "geometry": {
        "type": "LineString",
        "coordinates": [
          [
            77.680469,
            12.894807
          ],
          [
            77.680599,
            12.895071
          ],
          [
            77.680711,
            12.895312
          ],
          [
            77.680757,
            12.895316
          ],
          [
            77.680937,
            12.895219
          ],
          [
            77.68117,
            12.895122
          ]
        ]
      }
    },
    {
      "type": "Feature",
      "properties": {
        "kind": "road"
      },
      "geometry": {
        "type": "LineString",
        "coordinates": [
          [
            77.680599,
            12.895071
          ],
          [
            77.68091,
            12.894905
          ]
        ]
      }
    },
    {
      "type": "Feature",
      "properties": {
        "kind": "road"
      },
      "geometry": {
        "type": "LineString",
        "coordinates": [
          [
            77.680937,
            12.895219
          ],
          [
            77.681026,
            12.895461
          ]
        ]
      }
    },
    {
      "type": "Feature",
      "properties": {
        "kind": "road"
      },
      "geometry": {
        "type": "LineString",
        "coordinates": [
          [
            77.680722,
            12.895684
          ],
          [
            77.681103,
            12.895619
          ],
          [
            77.681347,
            12.895594
          ]
        ]
      }
    },
    {
      "type": "Feature",
      "properties": {
        "kind": "road",
        "surface": "asphalt"
      },
      "geometry": {
        "type": "LineString",
        "coordinates": [
          [
            77.679126,
            12.896547
          ],
          [
            77.679747,
            12.896451
          ],
          [
            77.680779,
            12.896289
          ],
          [
            77.68146,
            12.896181
          ]
        ]
      }
    },
    {
      "type": "Feature",
      "properties": {
        "kind": "road"
      },
      "geometry": {
        "type": "LineString",
        "coordinates": [
          [
            77.679276,
            12.896804
          ],
          [
            77.679442,
            12.896782
          ],
          [
            77.679725,
            12.896747
          ],
          [
            77.680068,
            12.896704
          ],
          [
            77.680842,
            12.896594
          ],
          [
            77.681526,
            12.896502
          ]
        ]
      }
    },
    {
      "type": "Feature",
      "properties": {
        "kind": "road"
      },
      "geometry": {
        "type": "LineString",
        "coordinates": [
          [
            77.681011,
            12.898042
          ],
          [
            77.681782,
            12.897924
          ]
        ]
      }
    },
    {
      "type": "Feature",
      "properties": {
        "kind": "road"
      },
      "geometry": {
        "type": "LineString",
        "coordinates": [
          [
            77.681051,
            12.898331
          ],
          [
            77.681824,
            12.898212
          ]
        ]
      }
    },
    {
      "type": "Feature",
      "properties": {
        "kind": "road"
      },
      "geometry": {
        "type": "LineString",
        "coordinates": [
          [
            77.681152,
            12.898619
          ],
          [
            77.681868,
            12.898511
          ]
        ]
      }
    },
    {
      "type": "Feature",
      "properties": {
        "kind": "road"
      },
      "geometry": {
        "type": "LineString",
        "coordinates": [
          [
            77.681882,
            12.898607
          ],
          [
            77.68249,
            12.898528
          ],
          [
            77.682742,
            12.898496
          ],
          [
            77.683405,
            12.898487
          ],
          [
            77.683508,
            12.898472
          ],
          [
            77.683531,
            12.898458
          ],
          [
            77.683543,
            12.898434
          ],
          [
            77.683491,
            12.898238
          ],
          [
            77.683343,
            12.897479
          ]
        ]
      }
    },
    {
      "type": "Feature",
      "properties": {
        "kind": "road"
      },
      "geometry": {
        "type": "LineString",
        "coordinates": [
          [
            77.681923,
            12.898887
          ],
          [
            77.682523,
            12.8988
          ]
        ]
      }
    },
    {
      "type": "Feature",
      "properties": {
        "kind": "road"
      },
      "geometry": {
        "type": "LineString",
        "coordinates": [
          [
            77.681967,
            12.899185
          ],
          [
            77.682563,
            12.899114
          ]
        ]
      }
    },
    {
      "type": "Feature",
      "properties": {
        "kind": "road"
      },
      "geometry": {
        "type": "LineString",
        "coordinates": [
          [
            77.682635,
            12.899676
          ],
          [
            77.682599,
            12.899395
          ],
          [
            77.682563,
            12.899114
          ],
          [
            77.682523,
            12.8988
          ],
          [
            77.68249,
            12.898528
          ]
        ]
      }
    },
    {
      "type": "Feature",
      "properties": {
        "kind": "road"
      },
      "geometry": {
        "type": "LineString",
        "coordinates": [
          [
            77.68125,
            12.892202
          ],
          [
            77.681401,
            12.892287
          ],
          [
            77.681423,
            12.892299
          ],
          [
            77.681489,
            12.892315
          ],
          [
            77.681781,
            12.89247
          ],
          [
            77.682191,
            12.892677
          ],
          [
            77.68266,
            12.892922
          ],
          [
            77.683776,
            12.893499
          ]
        ]
      }
    },
    {
      "type": "Feature",
      "properties": {
        "kind": "road"
      },
      "geometry": {
        "type": "LineString",
        "coordinates": [
          [
            77.681781,
            12.89247
          ],
          [
            77.681877,
            12.89352
          ],
          [
            77.6819,
            12.893788
          ],
          [
            77.681915,
            12.893986
          ],
          [
            77.681963,
            12.89409
          ],
          [
            77.682028,
            12.894119
          ]
        ]
      }
    },
    {
      "type": "Feature",
      "properties": {
        "kind": "road"
      },
      "geometry": {
        "type": "LineString",
        "coordinates": [
          [
            77.681423,
            12.892299
          ],
          [
            77.681525,
            12.893529
          ],
          [
            77.681535,
            12.893542
          ],
          [
            77.68155,
            12.893549
          ],
          [
            77.681877,
            12.89352
          ]
        ]
      }
    },
    {
      "type": "Feature",
      "properties": {
        "kind": "road"
      },
      "geometry": {
        "type": "LineString",
        "coordinates": [
          [
            77.682191,
            12.892677
          ],
          [
            77.682315,
            12.894137
          ]
        ]
      }
    },
    {
      "type": "Feature",
      "properties": {
        "kind": "road"
      },
      "geometry": {
        "type": "LineString",
        "coordinates": [
          [
            77.682028,
            12.894119
          ],
          [
            77.682315,
            12.894137
          ],
          [
            77.682708,
            12.894141
          ],
          [
            77.682742,
            12.894122
          ],
          [
            77.682766,
            12.894085
          ],
          [
            77.68266,
            12.892922
          ]
        ]
      }
    },
    {
      "type": "Feature",
      "properties": {
        "kind": "road"
      },
      "geometry": {
        "type": "LineString",
        "coordinates": [
          [
            77.682845,
            12.891798
          ],
          [
            77.683383,
            12.892757
          ],
          [
            77.683581,
            12.893126
          ],
          [
            77.683776,
            12.893499
          ]
        ]
      }
    },
    {
      "type": "Feature",
      "properties": {
        "kind": "road"
      },
      "geometry": {
        "type": "LineString",
        "coordinates": [
          [
            77.681489,
            12.892315
          ],
          [
            77.682244,
            12.892121
          ],
          [
            77.682489,
            12.892017
          ],
          [
            77.682845,
            12.891798
          ],
          [
            77.682973,
            12.891721
          ]
        ]
      }
    },
    {
      "type": "Feature",
      "properties": {
        "kind": "road"
      },
      "geometry": {
        "type": "LineString",
        "coordinates": [
          [
            77.678519,
            12.893037
          ],
          [
            77.678371,
            12.892539
          ],
          [
            77.678236,
            12.892088
          ]
        ]
      }
    },
    {
      "type": "Feature",
      "properties": {
        "kind": "road"
      },
      "geometry": {
        "type": "LineString",
        "coordinates": [
          [
            77.678743,
            12.892973
          ],
          [
            77.678593,
            12.892468
          ],
          [
            77.678444,
            12.891937
          ]
        ]
      }
    },
    {
      "type": "Feature",
      "properties": {
        "kind": "road"
      },
      "geometry": {
        "type": "LineString",
        "coordinates": [
          [
            77.678969,
            12.892907
          ],
          [
            77.678796,
            12.892414
          ],
          [
            77.678748,
            12.892285
          ],
          [
            77.678669,
            12.891972
          ],
          [
            77.678643,
            12.891812
          ],
          [
            77.678635,
            12.891708
          ]
        ]
      }
    },
    {
      "type": "Feature",
      "properties": {
        "kind": "road"
      },
      "geometry": {
        "type": "LineString",
        "coordinates": [
          [
            77.678371,
            12.892539
          ],
          [
            77.678593,
            12.892468
          ],
          [
            77.678796,
            12.892414
          ],
          [
            77.679006,
            12.89235
          ],
          [
            77.679239,
            12.892283
          ]
        ]
      }
    },
    {
      "type": "Feature",
      "properties": {
        "kind": "road"
      },
      "geometry": {
        "type": "LineString",
        "coordinates": [
          [
            77.679169,
            12.89285
          ],
          [
            77.679006,
            12.89235
          ],
          [
            77.678899,
            12.891983
          ],
          [
            77.678877,
            12.891878
          ],
          [
            77.678862,
            12.891694
          ]
        ]
      }
    },
    {
      "type": "Feature",
      "properties": {
        "kind": "road"
      },
      "geometry": {
        "type": "LineString",
        "coordinates": [
          [
            77.679082,
            12.89168
          ],
          [
            77.679089,
            12.891769
          ],
          [
            77.679123,
            12.891943
          ],
          [
            77.679239,
            12.892283
          ]
        ]
      }
    },
    {
      "type": "Feature",
      "properties": {
        "kind": "road"
      },
      "geometry": {
        "type": "LineString",
        "coordinates": [
          [
            77.679529,
            12.891652
          ],
          [
            77.679763,
            12.891635
          ],
          [
            77.679955,
            12.891622
          ],
          [
            77.680001,
            12.891618
          ],
          [
            77.680181,
            12.8916
          ],
          [
            77.680678,
            12.891594
          ],
          [
            77.680913,
            12.891599
          ],
          [
            77.6811,
            12.891626
          ],
          [
            77.681313,
            12.891598
          ]
        ]
      }
    },
    {
      "type": "Feature",
      "properties": {
        "kind": "road",
        "surface": "unpaved"
      },
      "geometry": {
        "type": "LineString",
        "coordinates": [
          [
            77.680209,
            12.890936
          ],
          [
            77.68086,
            12.890933
          ],
          [
            77.681227,
            12.890926
          ],
          [
            77.681344,
            12.890954
          ]
        ]
      }
    },
    {
      "type": "Feature",
      "properties": {
        "kind": "road"
      },
      "geometry": {
        "type": "LineString",
        "coordinates": [
          [
            77.681326,
            12.891227
          ],
          [
            77.681949,
            12.891139
          ]
        ]
      }
    },
    {
      "type": "Feature",
      "properties": {
        "kind": "road"
      },
      "geometry": {
        "type": "LineString",
        "coordinates": [
          [
            77.681313,
            12.891598
          ],
          [
            77.681732,
            12.89151
          ],
          [
            77.682091,
            12.891432
          ]
        ]
      }
    },
    {
      "type": "Feature",
      "properties": {
        "kind": "road"
      },
      "geometry": {
        "type": "LineString",
        "coordinates": [
          [
            77.678556,
            12.888531
          ],
          [
            77.678555,
            12.888886
          ],
          [
            77.678553,
            12.889159
          ],
          [
            77.678553,
            12.889195
          ],
          [
            77.678567,
            12.889431
          ],
          [
            77.678555,
            12.889848
          ]
        ]
      }
    },
    {
      "type": "Feature",
      "properties": {
        "kind": "road"
      },
      "geometry": {
        "type": "LineString",
        "coordinates": [
          [
            77.673157,
            12.889436
          ],
          [
            77.674107,
            12.889362
          ],
          [
            77.675318,
            12.88929
          ],
          [
            77.675383,
            12.889286
          ],
          [
            77.675899,
            12.889257
          ],
          [
            77.6763,
            12.889237
          ]
        ]
      }
    },
    {
      "type": "Feature",
      "properties": {
        "kind": "road"
      },
      "geometry": {
        "type": "LineString",
        "coordinates": [
          [
            77.675335,
            12.889835
          ],
          [
            77.675579,
            12.889815
          ],
          [
            77.675896,
            12.889789
          ],
          [
            77.676338,
            12.889752
          ]
        ]
      }
    },
    {
      "type": "Feature",
      "properties": {
        "kind": "road"
      },
      "geometry": {
        "type": "LineString",
        "coordinates": [
          [
            77.675335,
            12.889835
          ],
          [
            77.675318,
            12.88929
          ]
        ]
      }
    },
    {
      "type": "Feature",
      "properties": {
        "kind": "road"
      },
      "geometry": {
        "type": "LineString",
        "coordinates": [
          [
            77.673391,
            12.890597
          ],
          [
            77.67462,
            12.890543
          ],
          [
            77.674883,
            12.890508
          ],
          [
            77.675459,
            12.890485
          ],
          [
            77.676383,
            12.890417
          ]
        ]
      }
    },
    {
      "type": "Feature",
      "properties": {
        "kind": "road"
      },
      "geometry": {
        "type": "LineString",
        "coordinates": [
          [
            77.673737,
            12.892617
          ],
          [
            77.676035,
            12.892501
          ]
        ]
      }
    },
    {
      "type": "Feature",
      "properties": {
        "kind": "road"
      },
      "geometry": {
        "type": "LineString",
        "coordinates": [
          [
            77.669751,
            12.894098
          ],
          [
            77.66964,
            12.893667
          ],
          [
            77.669638,
            12.893664
          ],
          [
            77.669634,
            12.893662
          ],
          [
            77.669629,
            12.893661
          ],
          [
            77.669296,
            12.89369
          ],
          [
            77.668899,
            12.893765
          ],
          [
            77.668895,
            12.893766
          ],
          [
            77.668892,
            12.893769
          ],
          [
            77.668892,
            12.893774
          ],
          [
            77.668971,
            12.894436
          ],
          [
            77.669002,
            12.894717
          ],
          [
            77.669076,
            12.895289
          ],
          [
            77.669316,
            12.895181
          ],
          [
            77.669464,
            12.895118
          ],
          [
            77.669636,
            12.895041
          ],
          [
            77.669886,
            12.894943
          ],
          [
            77.66982,
            12.894564
          ],
          [
            77.669751,
            12.894098
          ],
          [
            77.670402,
            12.893952
          ],
          [
            77.670448,
            12.893941
          ],
          [
            77.671417,
            12.893714
          ]
        ]
      }
    },
    {
      "type": "Feature",
      "properties": {
        "kind": "road",
        "surface": "unpaved"
      },
      "geometry": {
        "type": "LineString",
        "coordinates": [
          [
            77.671709,
            12.894982
          ],
          [
            77.671716,
            12.89425
          ],
          [
            77.672655,
            12.894354
          ]
        ]
      }
    },
    {
      "type": "Feature",
      "properties": {
        "kind": "road"
      },
      "geometry": {
        "type": "LineString",
        "coordinates": [
          [
            77.673467,
            12.891045
          ],
          [
            77.673251,
            12.891103
          ],
          [
            77.672869,
            12.891263
          ],
          [
            77.672348,
            12.891476
          ]
        ]
      }
    },
    {
      "type": "Feature",
      "properties": {
        "kind": "road"
      },
      "geometry": {
        "type": "LineString",
        "coordinates": [
          [
            77.67322,
            12.889751
          ],
          [
            77.674124,
            12.889633
          ]
        ]
      }
    },
    {
      "type": "Feature",
      "properties": {
        "kind": "road"
      },
      "geometry": {
        "type": "LineString",
        "coordinates": [
          [
            77.674673,
            12.888405
          ],
          [
            77.674679,
            12.888647
          ],
          [
            77.674681,
            12.888806
          ],
          [
            77.674689,
            12.889074
          ],
          [
            77.674697,
            12.889196
          ]
        ]
      }
    },
    {
      "type": "Feature",
      "properties": {
        "kind": "road"
      },
      "geometry": {
        "type": "LineString",
        "coordinates": [
          [
            77.679786,
            12.892654
          ],
          [
            77.679644,
            12.892182
          ],
          [
            77.679556,
            12.891901
          ],
          [
            77.679532,
            12.891766
          ],
          [
            77.679529,
            12.891652
          ]
        ]
      }
    },
    {
      "type": "Feature",
      "properties": {
        "kind": "road"
      },
      "geometry": {
        "type": "LineString",
        "coordinates": [
          [
            77.679239,
            12.892283
          ],
          [
            77.679358,
            12.892723
          ],
          [
            77.679376,
            12.892791
          ]
        ]
      }
    },
    {
      "type": "Feature",
      "properties": {
        "kind": "road"
      },
      "geometry": {
        "type": "LineString",
        "coordinates": [
          [
            77.667866,
            12.897748
          ],
          [
            77.667923,
            12.897931
          ],
          [
            77.667988,
            12.898141
          ],
          [
            77.668015,
            12.898229
          ],
          [
            77.668033,
            12.898264
          ],
          [
            77.668058,
            12.898299
          ],
          [
            77.668089,
            12.898319
          ],
          [
            77.668244,
            12.898357
          ],
          [
            77.668308,
            12.898368
          ],
          [
            77.668374,
            12.898371
          ],
          [
            77.668436,
            12.898366
          ],
          [
            77.668485,
            12.898344
          ],
          [
            77.668889,
            12.898132
          ],
          [
            77.669592,
            12.897774
          ],
          [
            77.669981,
            12.897575
          ],
          [
            77.670229,
            12.897444
          ],
          [
            77.670242,
            12.89743
          ],
          [
            77.670245,
            12.897415
          ],
          [
            77.670245,
            12.897397
          ],
          [
            77.670163,
            12.897232
          ],
          [
            77.670152,
            12.897221
          ],
          [
            77.670138,
            12.897219
          ],
          [
            77.670118,
            12.897223
          ],
          [
            77.668773,
            12.897914
          ],
          [
            77.668089,
            12.898319
          ]
        ]
      }
    },
    {
      "type": "Feature",
      "properties": {
        "kind": "road"
      },
      "geometry": {
        "type": "LineString",
        "coordinates": [
          [
            77.675457,
            12.901509
          ],
          [
            77.675463,
            12.901605
          ],
          [
            77.675456,
            12.901659
          ],
          [
            77.675425,
            12.901694
          ],
          [
            77.675046,
            12.90174
          ],
          [
            77.675009,
            12.901729
          ],
          [
            77.675,
            12.901698
          ],
          [
            77.674955,
            12.901058
          ],
          [
            77.674934,
            12.900828
          ],
          [
            77.674952,
            12.900804
          ],
          [
            77.674982,
            12.900797
          ],
          [
            77.675115,
            12.900784
          ],
          [
            77.675146,
            12.900787
          ],
          [
            77.675161,
            12.900816
          ],
          [
            77.675183,
            12.901039
          ],
          [
            77.675188,
            12.901059
          ],
          [
            77.675209,
            12.901071
          ],
          [
            77.675387,
            12.901053
          ],
          [
            77.675425,
            12.901074
          ],
          [
            77.675437,
            12.901112
          ],
          [
            77.675442,
            12.901196
          ],
          [
            77.675457,
            12.901509
          ]
        ]
      }
    },
    {
      "type": "Feature",
      "properties": {
        "kind": "road"
      },
      "geometry": {
        "type": "LineString",
        "coordinates": [
          [
            77.675334,
            12.900248
          ],
          [
            77.67509,
            12.900266
          ],
          [
            77.674888,
            12.90029
          ],
          [
            77.674731,
            12.900296
          ],
          [
            77.674319,
            12.900329
          ],
          [
            77.674265,
            12.900388
          ],
          [
            77.674257,
            12.900414
          ],
          [
            77.674269,
            12.900552
          ],
          [
            77.674295,
            12.900842
          ],
          [
            77.67434,
            12.901366
          ],
          [
            77.674365,
            12.901645
          ],
          [
            77.67438,
            12.901815
          ],
          [
            77.674392,
            12.901833
          ],
          [
            77.674412,
            12.901848
          ],
          [
            77.674444,
            12.901848
          ],
          [
            77.674843,
            12.901825
          ],
          [
            77.674827,
            12.901582
          ],
          [
            77.674812,
            12.901366
          ],
          [
            77.674795,
            12.901123
          ],
          [
            77.674782,
            12.901023
          ],
          [
            77.67477,
            12.900766
          ]
        ]
      }
    },
    {
      "type": "Feature",
      "properties": {
        "kind": "road"
      },
      "geometry": {
        "type": "LineString",
        "coordinates": [
          [
            77.67477,
            12.900766
          ],
          [
            77.67477,
            12.900729
          ],
          [
            77.674772,
            12.900695
          ],
          [
            77.674788,
            12.90069
          ],
          [
            77.674909,
            12.900679
          ]
        ]
      }
    },
    {
      "type": "Feature",
      "properties": {
        "kind": "road"
      },
      "geometry": {
        "type": "LineString",
        "coordinates": [
          [
            77.660901,
            12.894661
          ],
          [
            77.661243,
            12.894616
          ],
          [
            77.661414,
            12.894599
          ],
          [
            77.661672,
            12.894571
          ],
          [
            77.66171,
            12.894567
          ],
          [
            77.661987,
            12.894542
          ],
          [
            77.662094,
            12.894532
          ],
          [
            77.66219,
            12.894522
          ],
          [
            77.662256,
            12.894516
          ],
          [
            77.662366,
            12.894504
          ],
          [
            77.662619,
            12.894476
          ],
          [
            77.662702,
            12.894467
          ],
          [
            77.663144,
            12.894369
          ],
          [
            77.663225,
            12.894289
          ],
          [
            77.663269,
            12.894239
          ],
          [
            77.663265,
            12.894198
          ],
          [
            77.663163,
            12.893129
          ],
          [
            77.663321,
            12.892992
          ],
          [
            77.664145,
            12.892804
          ],
          [
            77.664608,
            12.892694
          ],
          [
            77.665534,
            12.892475
          ],
          [
            77.666342,
            12.892219
          ],
          [
            77.666723,
            12.892052
          ],
          [
            77.666958,
            12.891889
          ],
          [
            77.667018,
            12.891848
          ],
          [
            77.667107,
            12.891786
          ],
          [
            77.667261,
            12.891628
          ],
          [
            77.667769,
            12.891169
          ],
          [
            77.668142,
            12.89084
          ],
          [
            77.668248,
            12.890734
          ],
          [
            77.668356,
            12.890648
          ],
          [
            77.668838,
            12.89017
          ],
          [
            77.668934,
            12.890075
          ],
          [
            77.669026,
            12.890039
          ],
          [
            77.670107,
            12.889619
          ],
          [
            77.670287,
            12.889549
          ],
          [
            77.670481,
            12.889473
          ],
          [
            77.671883,
            12.888928
          ],
          [
            77.67286,
            12.88855
          ],
          [
            77.67297,
            12.888506
          ]
        ]
      }
    },
    {
      "type": "Feature",
      "properties": {
        "kind": "road"
      },
      "geometry": {
        "type": "LineString",
        "coordinates": [
          [
            77.675442,
            12.895431
          ],
          [
            77.675398,
            12.895327
          ],
          [
            77.675354,
            12.895222
          ],
          [
            77.675412,
            12.895196
          ],
          [
            77.676145,
            12.894898
          ],
          [
            77.676298,
            12.894836
          ],
          [
            77.676351,
            12.894825
          ],
          [
            77.676401,
            12.894846
          ],
          [
            77.676452,
            12.894907
          ],
          [
            77.676503,
            12.894968
          ]
        ]
      }
    },
    {
      "type": "Feature",
      "properties": {
        "kind": "road",
        "surface": "paved"
      },
      "geometry": {
        "type": "LineString",
        "coordinates": [
          [
            77.677487,
            12.894541
          ],
          [
            77.678575,
            12.895988
          ],
          [
            77.678641,
            12.896081
          ]
        ]
      }
    },
    {
      "type": "Feature",
      "properties": {
        "kind": "road"
      },
      "geometry": {
        "type": "LineString",
        "coordinates": [
          [
            77.667866,
            12.901136
          ],
          [
            77.667911,
            12.901136
          ],
          [
            77.668268,
            12.901034
          ],
          [
            77.668442,
            12.900987
          ],
          [
            77.668548,
            12.900947
          ],
          [
            77.66872,
            12.900902
          ],
          [
            77.668859,
            12.900874
          ],
          [
            77.668964,
            12.900819
          ],
          [
            77.669221,
            12.900657
          ]
        ]
      }
    },
    {
      "type": "Feature",
      "properties": {
        "kind": "road"
      },
      "geometry": {
        "type": "LineString",
        "coordinates": [
          [
            77.677197,
            12.898902
          ],
          [
            77.677215,
            12.8997
          ],
          [
            77.67722,
            12.899909
          ],
          [
            77.677521,
            12.89991
          ],
          [
            77.678213,
            12.899928
          ],
          [
            77.678246,
            12.900394
          ],
          [
            77.67849,
            12.901317
          ]
        ]
      }
    },
    {
      "type": "Feature",
      "properties": {
        "kind": "road"
      },
      "geometry": {
        "type": "LineString",
        "coordinates": [
          [
            77.676383,
            12.890417
          ],
          [
            77.676477,
            12.890542
          ],
          [
            77.676522,
            12.890698
          ],
          [
            77.67651,
            12.890915
          ],
          [
            77.676525,
            12.891239
          ]
        ]
      }
    },
    {
      "type": "Feature",
      "properties": {
        "kind": "road"
      },
      "geometry": {
        "type": "LineString",
        "coordinates": [
          [
            77.676338,
            12.889752
          ],
          [
            77.676376,
            12.890317
          ],
          [
            77.676383,
            12.890417
          ]
        ]
      }
    },
    {
      "type": "Feature",
      "properties": {
        "kind": "road"
      },
      "geometry": {
        "type": "LineString",
        "coordinates": [
          [
            77.6763,
            12.889237
          ],
          [
            77.676329,
            12.889629
          ],
          [
            77.676338,
            12.889752
          ]
        ]
      }
    },
    {
      "type": "Feature",
      "properties": {
        "kind": "road"
      },
      "geometry": {
        "type": "LineString",
        "coordinates": [
          [
            77.67628,
            12.888405
          ],
          [
            77.6763,
            12.889237
          ]
        ]
      }
    },
    {
      "type": "Feature",
      "properties": {
        "kind": "road"
      },
      "geometry": {
        "type": "LineString",
        "coordinates": [
          [
            77.682927,
            12.893871
          ],
          [
            77.683845,
            12.893764
          ]
        ]
      }
    },
    {
      "type": "Feature",
      "properties": {
        "kind": "road"
      },
      "geometry": {
        "type": "LineString",
        "coordinates": [
          [
            77.682947,
            12.893978
          ],
          [
            77.683863,
            12.893884
          ]
        ]
      }
    },
    {
      "type": "Feature",
      "properties": {
        "kind": "road"
      },
      "geometry": {
        "type": "LineString",
        "coordinates": [
          [
            77.682966,
            12.894098
          ],
          [
            77.683879,
            12.893999
          ]
        ]
      }
    },
    {
      "type": "Feature",
      "properties": {
        "kind": "road"
      },
      "geometry": {
        "type": "LineString",
        "coordinates": [
          [
            77.682927,
            12.893871
          ],
          [
            77.682896,
            12.893691
          ],
          [
            77.682896,
            12.893683
          ],
          [
            77.6829,
            12.893679
          ],
          [
            77.683711,
            12.893573
          ],
          [
            77.683731,
            12.893577
          ],
          [
            77.683811,
            12.893622
          ],
          [
            77.683827,
            12.893638
          ],
          [
            77.683845,
            12.893764
          ],
          [
            77.683863,
            12.893884
          ],
          [
            77.683879,
            12.893999
          ],
          [
            77.683911,
            12.89422
          ]
        ]
      }
    },
    {
      "type": "Feature",
      "properties": {
        "kind": "road",
        "surface": "unpaved"
      },
      "geometry": {
        "type": "LineString",
        "coordinates": [
          [
            77.672655,
            12.894354
          ],
          [
            77.672723,
            12.893743
          ]
        ]
      }
    },
    {
      "type": "Feature",
      "properties": {
        "kind": "road"
      },
      "geometry": {
        "type": "LineString",
        "coordinates": [
          [
            77.671334,
            12.893366
          ],
          [
            77.671417,
            12.893714
          ],
          [
            77.671677,
            12.894822
          ]
        ]
      }
    },
    {
      "type": "Feature",
      "properties": {
        "kind": "road"
      },
      "geometry": {
        "type": "LineString",
        "coordinates": [
          [
            77.66735,
            12.895896
          ],
          [
            77.667767,
            12.895735
          ],
          [
            77.667968,
            12.895638
          ],
          [
            77.668134,
            12.895565
          ],
          [
            77.668244,
            12.895543
          ],
          [
            77.668684,
            12.895487
          ],
          [
            77.668749,
            12.896057
          ],
          [
            77.668754,
            12.896069
          ],
          [
            77.668765,
            12.896077
          ],
          [
            77.668779,
            12.896079
          ],
          [
            77.669121,
            12.896017
          ],
          [
            77.669221,
            12.895995
          ]
        ]
      }
    },
    {
      "type": "Feature",
      "properties": {
        "kind": "road"
      },
      "geometry": {
        "type": "LineString",
        "coordinates": [
          [
            77.669076,
            12.895289
          ],
          [
            77.66917,
            12.895769
          ],
          [
            77.669221,
            12.895995
          ],
          [
            77.669246,
            12.896074
          ],
          [
            77.669271,
            12.896154
          ]
        ]
      }
    },
    {
      "type": "Feature",
      "properties": {
        "kind": "road",
        "surface": "concrete"
      },
      "geometry": {
        "type": "LineString",
        "coordinates": [
          [
            77.675086,
            12.8994
          ],
          [
            77.675111,
            12.899418
          ],
          [
            77.675465,
            12.899411
          ]
        ]
      }
    },
    {
      "type": "Feature",
      "properties": {
        "kind": "road"
      },
      "geometry": {
        "type": "LineString",
        "coordinates": [
          [
            77.674903,
            12.898888
          ],
          [
            77.674904,
            12.898952
          ],
          [
            77.674918,
            12.899907
          ]
        ]
      }
    },
    {
      "type": "Feature",
      "properties": {
        "kind": "road"
      },
      "geometry": {
        "type": "LineString",
        "coordinates": [
          [
            77.67719,
            12.897241
          ],
          [
            77.677189,
            12.896985
          ],
          [
            77.677173,
            12.895694
          ],
          [
            77.677216,
            12.895542
          ],
          [
            77.677377,
            12.895369
          ],
          [
            77.677688,
            12.895254
          ],
          [
            77.677836,
            12.89526
          ],
          [
            77.67792,
            12.895346
          ],
          [
            77.677977,
            12.895479
          ]
        ]
      }
    },
    {
      "type": "Feature",
      "properties": {
        "kind": "road",
        "surface": "paving_stones"
      },
      "geometry": {
        "type": "LineString",
        "coordinates": [
          [
            77.677375,
            12.894587
          ],
          [
            77.677682,
            12.894967
          ],
          [
            77.677733,
            12.895035
          ]
        ]
      }
    },
    {
      "type": "Feature",
      "properties": {
        "kind": "road"
      },
      "geometry": {
        "type": "LineString",
        "coordinates": [
          [
            77.67268,
            12.898873
          ],
          [
            77.672604,
            12.898887
          ],
          [
            77.672558,
            12.898915
          ],
          [
            77.672468,
            12.899217
          ],
          [
            77.672303,
            12.900044
          ],
          [
            77.672317,
            12.900803
          ],
          [
            77.672351,
            12.90148
          ],
          [
            77.672323,
            12.901529
          ],
          [
            77.672276,
            12.901564
          ],
          [
            77.672216,
            12.901581
          ],
          [
            77.671562,
            12.901769
          ],
          [
            77.669988,
            12.902223
          ],
          [
            77.669851,
            12.902263
          ],
          [
            77.669691,
            12.902312
          ],
          [
            77.669156,
            12.902477
          ]
        ]
      }
    },
    {
      "type": "Feature",
      "properties": {
        "kind": "road"
      },
      "geometry": {
        "type": "LineString",
        "coordinates": [
          [
            77.673525,
            12.89444
          ],
          [
            77.67348,
            12.894873
          ],
          [
            77.673434,
            12.895072
          ],
          [
            77.673317,
            12.895572
          ],
          [
            77.673244,
            12.895948
          ],
          [
            77.67308,
            12.89669
          ],
          [
            77.673065,
            12.896758
          ],
          [
            77.673037,
            12.896838
          ],
          [
            77.672962,
            12.896976
          ],
          [
            77.672945,
            12.897023
          ],
          [
            77.672933,
            12.897099
          ],
          [
            77.672935,
            12.897243
          ],
          [
            77.672929,
            12.897329
          ],
          [
            77.672919,
            12.897362
          ],
          [
            77.672906,
            12.897387
          ],
          [
            77.672887,
            12.897406
          ],
          [
            77.67287,
            12.897418
          ],
          [
            77.672848,
            12.897431
          ],
          [
            77.672832,
            12.897447
          ],
          [
            77.672822,
            12.897679
          ]
        ]
      }
    },
    {
      "type": "Feature",
      "properties": {
        "kind": "road"
      },
      "geometry": {
        "type": "LineString",
        "coordinates": [
          [
            77.673317,
            12.895572
          ],
          [
            77.672955,
            12.895533
          ],
          [
            77.671961,
            12.895427
          ],
          [
            77.671888,
            12.895419
          ]
        ]
      }
    },
    {
      "type": "Feature",
      "properties": {
        "kind": "road"
      },
      "geometry": {
        "type": "LineString",
        "coordinates": [
          [
            77.679644,
            12.892182
          ],
          [
            77.67986,
            12.892124
          ]
        ]
      }
    },
    {
      "type": "Feature",
      "properties": {
        "kind": "road"
      },
      "geometry": {
        "type": "LineString",
        "coordinates": [
          [
            77.680004,
            12.892597
          ],
          [
            77.67986,
            12.892124
          ],
          [
            77.679799,
            12.891928
          ],
          [
            77.679772,
            12.891769
          ],
          [
            77.679763,
            12.891635
          ]
        ]
      }
    },
    {
      "type": "Feature",
      "properties": {
        "kind": "road"
      },
      "geometry": {
        "type": "LineString",
        "coordinates": [
          [
            77.675896,
            12.889789
          ],
          [
            77.67588,
            12.889506
          ]
        ]
      }
    },
    {
      "type": "Feature",
      "properties": {
        "kind": "road"
      },
      "geometry": {
        "type": "LineString",
        "coordinates": [
          [
            77.675412,
            12.895196
          ],
          [
            77.675443,
            12.895146
          ],
          [
            77.675453,
            12.895105
          ],
          [
            77.675475,
            12.895055
          ],
          [
            77.67548,
            12.894998
          ],
          [
            77.675475,
            12.894953
          ],
          [
            77.675424,
            12.894799
          ],
          [
            77.675378,
            12.894728
          ],
          [
            77.675343,
            12.894681
          ],
          [
            77.675298,
            12.894642
          ]
        ]
      }
    },
    {
      "type": "Feature",
      "properties": {
        "kind": "road"
      },
      "geometry": {
        "type": "LineString",
        "coordinates": [
          [
            77.675166,
            12.894773
          ],
          [
            77.675274,
            12.895029
          ],
          [
            77.675309,
            12.895115
          ],
          [
            77.675354,
            12.895222
          ],
          [
            77.674941,
            12.89539
          ],
          [
            77.674836,
            12.895118
          ],
          [
            77.674743,
            12.894875
          ]
        ]
      }
    },
    {
      "type": "Feature",
      "properties": {
        "kind": "road"
      },
      "geometry": {
        "type": "LineString",
        "coordinates": [
          [
            77.677918,
            12.897133
          ],
          [
            77.677919,
            12.897108
          ],
          [
            77.67793,
            12.897091
          ],
          [
            77.677948,
            12.897079
          ],
          [
            77.678447,
            12.896919
          ],
          [
            77.67846,
            12.896916
          ],
          [
            77.678477,
            12.896919
          ],
          [
            77.678487,
            12.896926
          ],
          [
            77.678676,
            12.897469
          ],
          [
            77.678098,
            12.897659
          ],
          [
            77.677993,
            12.897364
          ],
          [
            77.677918,
            12.897133
          ]
        ]
      }
    },
    {
      "type": "Feature",
      "properties": {
        "kind": "road"
      },
      "geometry": {
        "type": "LineString",
        "coordinates": [
          [
            77.677521,
            12.89991
          ],
          [
            77.677669,
            12.900435
          ],
          [
            77.677808,
            12.900909
          ],
          [
            77.677935,
            12.901325
          ]
        ]
      }
    },
    {
      "type": "Feature",
      "properties": {
        "kind": "road"
      },
      "geometry": {
        "type": "LineString",
        "coordinates": [
          [
            77.675083,
            12.890911
          ],
          [
            77.675147,
            12.890626
          ]
        ]
      }
    },
    {
      "type": "Feature",
      "properties": {
        "kind": "road"
      },
      "geometry": {
        "type": "LineString",
        "coordinates": [
          [
            77.673436,
            12.890843
          ],
          [
            77.673533,
            12.890845
          ],
          [
            77.673705,
            12.89084
          ],
          [
            77.673748,
            12.890898
          ],
          [
            77.673825,
            12.890953
          ],
          [
            77.675083,
            12.890911
          ],
          [
            77.67635,
            12.890835
          ],
          [
            77.676361,
            12.890815
          ],
          [
            77.676364,
            12.890797
          ],
          [
            77.676343,
            12.890561
          ],
          [
            77.675147,
            12.890626
          ],
          [
            77.674201,
            12.890652
          ],
          [
            77.674088,
            12.890717
          ],
          [
            77.673997,
            12.890791
          ],
          [
            77.673705,
            12.89084
          ]
        ]
      }
    },
    {
      "type": "Feature",
      "properties": {
        "kind": "road"
      },
      "geometry": {
        "type": "LineString",
        "coordinates": [
          [
            77.681028,
            12.897789
          ],
          [
            77.681747,
            12.897691
          ]
        ]
      }
    },
    {
      "type": "Feature",
      "properties": {
        "kind": "road"
      },
      "geometry": {
        "type": "LineString",
        "coordinates": [
          [
            77.68202,
            12.895502
          ],
          [
            77.682244,
            12.895411
          ],
          [
            77.682265,
            12.895387
          ],
          [
            77.682273,
            12.895345
          ],
          [
            77.682274,
            12.895072
          ],
          [
            77.68229,
            12.894964
          ]
        ]
      }
    },
    {
      "type": "Feature",
      "properties": {
        "kind": "road"
      },
      "geometry": {
        "type": "LineString",
        "coordinates": [
          [
            77.68146,
            12.896181
          ],
          [
            77.682561,
            12.895995
          ]
        ]
      }
    },
    {
      "type": "Feature",
      "properties": {
        "kind": "road"
      },
      "geometry": {
        "type": "LineString",
        "coordinates": [
          [
            77.682509,
            12.895707
          ],
          [
            77.681407,
            12.895901
          ]
        ]
      }
    },
    {
      "type": "Feature",
      "properties": {
        "kind": "road"
      },
      "geometry": {
        "type": "LineString",
        "coordinates": [
          [
            77.680874,
            12.897536
          ],
          [
            77.68088,
            12.897526
          ],
          [
            77.680891,
            12.89752
          ],
          [
            77.681026,
            12.897485
          ],
          [
            77.681669,
            12.89739
          ],
          [
            77.682958,
            12.897222
          ]
        ]
      }
    },
    {
      "type": "Feature",
      "properties": {
        "kind": "road"
      },
      "geometry": {
        "type": "LineString",
        "coordinates": [
          [
            77.681837,
            12.898297
          ],
          [
            77.682703,
            12.898179
          ]
        ]
      }
    },
    {
      "type": "Feature",
      "properties": {
        "kind": "road"
      },
      "geometry": {
        "type": "LineString",
        "coordinates": [
          [
            77.681791,
            12.897988
          ],
          [
            77.682639,
            12.897853
          ]
        ]
      }
    },
    {
      "type": "Feature",
      "properties": {
        "kind": "road"
      },
      "geometry": {
        "type": "LineString",
        "coordinates": [
          [
            77.68302,
            12.897523
          ],
          [
            77.683057,
            12.897816
          ],
          [
            77.683068,
            12.897955
          ],
          [
            77.683065,
            12.898111
          ],
          [
            77.683039,
            12.898179
          ],
          [
            77.682966,
            12.898258
          ],
          [
            77.68288,
            12.898326
          ],
          [
            77.682811,
            12.898383
          ],
          [
            77.682773,
            12.89843
          ],
          [
            77.682742,
            12.898496
          ]
        ]
      }
    },
    {
      "type": "Feature",
      "properties": {
        "kind": "road"
      },
      "geometry": {
        "type": "LineString",
        "coordinates": [
          [
            77.682009,
            12.899468
          ],
          [
            77.682599,
            12.899395
          ]
        ]
      }
    },
    {
      "type": "Feature",
      "properties": {
        "kind": "road"
      },
      "geometry": {
        "type": "LineString",
        "coordinates": [
          [
            77.683336,
            12.8996
          ],
          [
            77.682909,
            12.89962
          ],
          [
            77.682888,
            12.899628
          ],
          [
            77.682878,
            12.899642
          ],
          [
            77.682977,
            12.90076
          ]
        ]
      }
    },
    {
      "type": "Feature",
      "properties": {
        "kind": "road",
        "surface": "unpaved"
      },
      "geometry": {
        "type": "LineString",
        "coordinates": [
          [
            77.680789,
            12.894532
          ],
          [
            77.681098,
            12.894482
          ],
          [
            77.681484,
            12.894307
          ]
        ]
      }
    },
    {
      "type": "Feature",
      "properties": {
        "kind": "road",
        "surface": "unpaved"
      },
      "geometry": {
        "type": "LineString",
        "coordinates": [
          [
            77.680695,
            12.894299
          ],
          [
            77.681378,
            12.89396
          ]
        ]
      }
    },
    {
      "type": "Feature",
      "properties": {
        "kind": "road"
      },
      "geometry": {
        "type": "LineString",
        "coordinates": [
          [
            77.683911,
            12.89422
          ],
          [
            77.683107,
            12.894296
          ],
          [
            77.683093,
            12.894292
          ],
          [
            77.683084,
            12.894284
          ],
          [
            77.683074,
            12.894216
          ],
          [
            77.683072,
            12.894212
          ],
          [
            77.683067,
            12.894211
          ],
          [
            77.682989,
            12.894211
          ],
          [
            77.682984,
            12.894208
          ],
          [
            77.682982,
            12.894203
          ],
          [
            77.682966,
            12.894098
          ],
          [
            77.682947,
            12.893978
          ],
          [
            77.682927,
            12.893871
          ]
        ]
      }
    },
    {
      "type": "Feature",
      "properties": {
        "kind": "road"
      },
      "geometry": {
        "type": "LineString",
        "coordinates": [
          [
            77.682808,
            12.892584
          ],
          [
            77.682489,
            12.892017
          ]
        ]
      }
    },
    {
      "type": "Feature",
      "properties": {
        "kind": "road"
      },
      "geometry": {
        "type": "LineString",
        "coordinates": [
          [
            77.669464,
            12.895118
          ],
          [
            77.669296,
            12.89369
          ]
        ]
      }
    },
    {
      "type": "Feature",
      "properties": {
        "kind": "road"
      },
      "geometry": {
        "type": "LineString",
        "coordinates": [
          [
            77.669767,
            12.896461
          ],
          [
            77.670096,
            12.897096
          ]
        ]
      }
    },
    {
      "type": "Feature",
      "properties": {
        "kind": "road"
      },
      "geometry": {
        "type": "LineString",
        "coordinates": [
          [
            77.668206,
            12.897264
          ],
          [
            77.668352,
            12.897189
          ],
          [
            77.66841,
            12.89716
          ],
          [
            77.668771,
            12.896974
          ],
          [
            77.669133,
            12.896788
          ],
          [
            77.669418,
            12.89664
          ],
          [
            77.669767,
            12.896461
          ],
          [
            77.670081,
            12.896299
          ],
          [
            77.670136,
            12.896271
          ]
        ]
      }
    },
    {
      "type": "Feature",
      "properties": {
        "kind": "road"
      },
      "geometry": {
        "type": "LineString",
        "coordinates": [
          [
            77.669753,
            12.897264
          ],
          [
            77.669418,
            12.89664
          ]
        ]
      }
    },
    {
      "type": "Feature",
      "properties": {
        "kind": "road"
      },
      "geometry": {
        "type": "LineString",
        "coordinates": [
          [
            77.669451,
            12.897405
          ],
          [
            77.669133,
            12.896788
          ]
        ]
      }
    },
    {
      "type": "Feature",
      "properties": {
        "kind": "road"
      },
      "geometry": {
        "type": "LineString",
        "coordinates": [
          [
            77.669092,
            12.897589
          ],
          [
            77.668771,
            12.896974
          ]
        ]
      }
    },
    {
      "type": "Feature",
      "properties": {
        "kind": "road"
      },
      "geometry": {
        "type": "LineString",
        "coordinates": [
          [
            77.67018,
            12.895564
          ],
          [
            77.669972,
            12.894984
          ],
          [
            77.669955,
            12.894959
          ],
          [
            77.669928,
            12.894948
          ],
          [
            77.669886,
            12.894943
          ]
        ]
      }
    },
    {
      "type": "Feature",
      "properties": {
        "kind": "road"
      },
      "geometry": {
        "type": "LineString",
        "coordinates": [
          [
            77.669868,
            12.895691
          ],
          [
            77.669636,
            12.895041
          ]
        ]
      }
    },
    {
      "type": "Feature",
      "properties": {
        "kind": "road"
      },
      "geometry": {
        "type": "LineString",
        "coordinates": [
          [
            77.669437,
            12.895562
          ],
          [
            77.669316,
            12.895181
          ]
        ]
      }
    },
    {
      "type": "Feature",
      "properties": {
        "kind": "road"
      },
      "geometry": {
        "type": "LineString",
        "coordinates": [
          [
            77.667646,
            12.900341
          ],
          [
            77.667682,
            12.900338
          ],
          [
            77.667721,
            12.900328
          ],
          [
            77.667848,
            12.90028
          ],
          [
            77.668015,
            12.900218
          ],
          [
            77.668189,
            12.900155
          ],
          [
            77.668328,
            12.900095
          ],
          [
            77.668561,
            12.900047
          ],
          [
            77.668737,
            12.900003
          ],
          [
            77.669038,
            12.899931
          ],
          [
            77.670669,
            12.899539
          ],
          [
            77.670738,
            12.899553
          ],
          [
            77.670772,
            12.899605
          ],
          [
            77.670807,
            12.899903
          ],
          [
            77.670853,
            12.900297
          ]
        ]
      }
    },
    {
      "type": "Feature",
      "properties": {
        "kind": "road"
      },
      "geometry": {
        "type": "LineString",
        "coordinates": [
          [
            77.670807,
            12.899903
          ],
          [
            77.669126,
            12.900258
          ]
        ]
      }
    },
    {
      "type": "Feature",
      "properties": {
        "kind": "road"
      },
      "geometry": {
        "type": "LineString",
        "coordinates": [
          [
            77.669221,
            12.900657
          ],
          [
            77.669126,
            12.900258
          ],
          [
            77.669038,
            12.899931
          ]
        ]
      }
    },
    {
      "type": "Feature",
      "properties": {
        "kind": "road"
      },
      "geometry": {
        "type": "LineString",
        "coordinates": [
          [
            77.673232,
            12.900027
          ],
          [
            77.67321,
            12.898876
          ]
        ]
      }
    },
    {
      "type": "Feature",
      "properties": {
        "kind": "road"
      },
      "geometry": {
        "type": "LineString",
        "coordinates": [
          [
            77.67321,
            12.898876
          ],
          [
            77.673198,
            12.898264
          ]
        ]
      }
    },
    {
      "type": "Feature",
      "properties": {
        "kind": "road"
      },
      "geometry": {
        "type": "LineString",
        "coordinates": [
          [
            77.671257,
            12.894084
          ],
          [
            77.670901,
            12.894195
          ],
          [
            77.670531,
            12.894308
          ],
          [
            77.670506,
            12.894305
          ],
          [
            77.670492,
            12.894292
          ],
          [
            77.670481,
            12.894274
          ],
          [
            77.670402,
            12.893952
          ]
        ]
      }
    },
    {
      "type": "Feature",
      "properties": {
        "kind": "road"
      },
      "geometry": {
        "type": "LineString",
        "coordinates": [
          [
            77.670116,
            12.89333
          ],
          [
            77.671791,
            12.893077
          ],
          [
            77.671888,
            12.893035
          ],
          [
            77.671939,
            12.89296
          ],
          [
            77.671945,
            12.892855
          ],
          [
            77.671814,
            12.891862
          ],
          [
            77.671775,
            12.891598
          ],
          [
            77.671721,
            12.891348
          ],
          [
            77.671526,
            12.890675
          ],
          [
            77.671258,
            12.88961
          ],
          [
            77.671215,
            12.889532
          ],
          [
            77.671142,
            12.88949
          ],
          [
            77.671063,
            12.889503
          ],
          [
            77.670694,
            12.889645
          ],
          [
            77.670567,
            12.889694
          ],
          [
            77.670351,
            12.889772
          ],
          [
            77.669108,
            12.890199
          ]
        ]
      }
    },
    {
      "type": "Feature",
      "properties": {
        "kind": "road"
      },
      "geometry": {
        "type": "LineString",
        "coordinates": [
          [
            77.671814,
            12.891862
          ],
          [
            77.669504,
            12.892274
          ]
        ]
      }
    },
    {
      "type": "Feature",
      "properties": {
        "kind": "road"
      },
      "geometry": {
        "type": "LineString",
        "coordinates": [
          [
            77.670567,
            12.889694
          ],
          [
            77.670505,
            12.889532
          ]
        ]
      }
    },
    {
      "type": "Feature",
      "properties": {
        "kind": "road"
      },
      "geometry": {
        "type": "LineString",
        "coordinates": [
          [
            77.670694,
            12.889645
          ],
          [
            77.670801,
            12.889794
          ],
          [
            77.670885,
            12.890037
          ],
          [
            77.670948,
            12.890321
          ],
          [
            77.670971,
            12.890542
          ],
          [
            77.67089,
            12.890674
          ],
          [
            77.670762,
            12.890805
          ],
          [
            77.670601,
            12.890813
          ],
          [
            77.670349,
            12.89023
          ],
          [
            77.670328,
            12.890156
          ],
          [
            77.670319,
            12.890065
          ],
          [
            77.670351,
            12.889772
          ]
        ]
      }
    },
    {
      "type": "Feature",
      "properties": {
        "kind": "road"
      },
      "geometry": {
        "type": "LineString",
        "coordinates": [
          [
            77.673056,
            12.888934
          ],
          [
            77.672655,
            12.889067
          ],
          [
            77.672001,
            12.889285
          ],
          [
            77.671636,
            12.889407
          ],
          [
            77.671539,
            12.88944
          ]
        ]
      }
    },
    {
      "type": "Feature",
      "properties": {
        "kind": "road"
      },
      "geometry": {
        "type": "LineString",
        "coordinates": [
          [
            77.67224,
            12.890013
          ],
          [
            77.672224,
            12.889908
          ],
          [
            77.672139,
            12.889706
          ],
          [
            77.672069,
            12.889493
          ],
          [
            77.672001,
            12.889285
          ],
          [
            77.671883,
            12.888928
          ]
        ]
      }
    },
    {
      "type": "Feature",
      "properties": {
        "kind": "road"
      },
      "geometry": {
        "type": "LineString",
        "coordinates": [
          [
            77.672909,
            12.890038
          ],
          [
            77.672711,
            12.88928
          ],
          [
            77.672655,
            12.889067
          ]
        ]
      }
    },
    {
      "type": "Feature",
      "properties": {
        "kind": "road"
      },
      "geometry": {
        "type": "LineString",
        "coordinates": [
          [
            77.671692,
            12.889621
          ],
          [
            77.672069,
            12.889493
          ],
          [
            77.672464,
            12.889365
          ],
          [
            77.672711,
            12.88928
          ]
        ]
      }
    },
    {
      "type": "Feature",
      "properties": {
        "kind": "road"
      },
      "geometry": {
        "type": "LineString",
        "coordinates": [
          [
            77.672668,
            12.889745
          ],
          [
            77.672531,
            12.889573
          ],
          [
            77.672464,
            12.889365
          ]
        ]
      }
    },
    {
      "type": "Feature",
      "properties": {
        "kind": "road"
      },
      "geometry": {
        "type": "LineString",
        "coordinates": [
          [
            77.671835,
            12.890174
          ],
          [
            77.671801,
            12.89004
          ],
          [
            77.671692,
            12.889621
          ],
          [
            77.671636,
            12.889407
          ]
        ]
      }
    },
    {
      "type": "Feature",
      "properties": {
        "kind": "road"
      },
      "geometry": {
        "type": "LineString",
        "coordinates": [
          [
            77.672139,
            12.889706
          ],
          [
            77.672531,
            12.889573
          ]
        ]
      }
    },
    {
      "type": "Feature",
      "properties": {
        "kind": "road"
      },
      "geometry": {
        "type": "LineString",
        "coordinates": [
          [
            77.674661,
            12.889629
          ],
          [
            77.674124,
            12.889633
          ]
        ]
      }
    },
    {
      "type": "Feature",
      "properties": {
        "kind": "road"
      },
      "geometry": {
        "type": "LineString",
        "coordinates": [
          [
            77.677456,
            12.889947
          ],
          [
            77.67735,
            12.888421
          ]
        ]
      }
    },
    {
      "type": "Feature",
      "properties": {
        "kind": "road"
      },
      "geometry": {
        "type": "LineString",
        "coordinates": [
          [
            77.676525,
            12.891239
          ],
          [
            77.676572,
            12.891724
          ],
          [
            77.676589,
            12.891896
          ],
          [
            77.676607,
            12.892083
          ]
        ]
      }
    },
    {
      "type": "Feature",
      "properties": {
        "kind": "road"
      },
      "geometry": {
        "type": "LineString",
        "coordinates": [
          [
            77.675599,
            12.897698
          ],
          [
            77.676093,
            12.897671
          ],
          [
            77.676575,
            12.897645
          ]
        ]
      }
    },
    {
      "type": "Feature",
      "properties": {
        "kind": "road"
      },
      "geometry": {
        "type": "LineString",
        "coordinates": [
          [
            77.676609,
            12.898145
          ],
          [
            77.676591,
            12.8989
          ],
          [
            77.67658,
            12.899831
          ]
        ]
      }
    },
    {
      "type": "Feature",
      "properties": {
        "kind": "road"
      },
      "geometry": {
        "type": "LineString",
        "coordinates": [
          [
            77.676204,
            12.895098
          ],
          [
            77.676242,
            12.895191
          ],
          [
            77.676253,
            12.895219
          ],
          [
            77.676451,
            12.895692
          ],
          [
            77.676479,
            12.895792
          ],
          [
            77.676487,
            12.895888
          ],
          [
            77.676465,
            12.896351
          ],
          [
            77.676462,
            12.896464
          ],
          [
            77.676464,
            12.896582
          ],
          [
            77.676501,
            12.896932
          ],
          [
            77.676575,
            12.897645
          ],
          [
            77.676581,
            12.897876
          ],
          [
            77.676543,
            12.897881
          ],
          [
            77.676483,
            12.897882
          ],
          [
            77.676075,
            12.897898
          ],
          [
            77.6756,
            12.897916
          ],
          [
            77.675599,
            12.897698
          ]
        ]
      }
    },
    {
      "type": "Feature",
      "properties": {
        "kind": "road"
      },
      "geometry": {
        "type": "LineString",
        "coordinates": [
          [
            77.675601,
            12.897585
          ],
          [
            77.675334,
            12.896672
          ],
          [
            77.675329,
            12.896613
          ],
          [
            77.67536,
            12.896574
          ],
          [
            77.675623,
            12.896428
          ],
          [
            77.675667,
            12.896387
          ],
          [
            77.67538,
            12.895735
          ],
          [
            77.675363,
            12.895676
          ],
          [
            77.675393,
            12.895621
          ],
          [
            77.675518,
            12.895563
          ],
          [
            77.675674,
            12.89549
          ],
          [
            77.676253,
            12.895219
          ]
        ]
      }
    },
    {
      "type": "Feature",
      "properties": {
        "kind": "road"
      },
      "geometry": {
        "type": "LineString",
        "coordinates": [
          [
            77.674491,
            12.896909
          ],
          [
            77.674533,
            12.896898
          ],
          [
            77.675159,
            12.896788
          ]
        ]
      }
    },
    {
      "type": "Feature",
      "properties": {
        "kind": "road",
        "surface": "concrete"
      },
      "geometry": {
        "type": "LineString",
        "coordinates": [
          [
            77.674418,
            12.897222
          ],
          [
            77.675283,
            12.897144
          ]
        ]
      }
    },
    {
      "type": "Feature",
      "properties": {
        "kind": "road"
      },
      "geometry": {
        "type": "LineString",
        "coordinates": [
          [
            77.67538,
            12.897421
          ],
          [
            77.674439,
            12.897474
          ]
        ]
      }
    },
    {
      "type": "Feature",
      "properties": {
        "kind": "road"
      },
      "geometry": {
        "type": "LineString",
        "coordinates": [
          [
            77.675181,
            12.89889
          ],
          [
            77.67518,
            12.898837
          ],
          [
            77.675165,
            12.898093
          ]
        ]
      }
    },
    {
      "type": "Feature",
      "properties": {
        "kind": "road"
      },
      "geometry": {
        "type": "LineString",
        "coordinates": [
          [
            77.674903,
            12.898888
          ],
          [
            77.674892,
            12.898096
          ]
        ]
      }
    },
    {
      "type": "Feature",
      "properties": {
        "kind": "road"
      },
      "geometry": {
        "type": "LineString",
        "coordinates": [
          [
            77.675747,
            12.89891
          ],
          [
            77.675747,
            12.898798
          ],
          [
            77.675745,
            12.89816
          ]
        ]
      }
    },
    {
      "type": "Feature",
      "properties": {
        "kind": "road"
      },
      "geometry": {
        "type": "LineString",
        "coordinates": [
          [
            77.676032,
            12.898924
          ],
          [
            77.676034,
            12.898775
          ],
          [
            77.676043,
            12.898157
          ]
        ]
      }
    },
    {
      "type": "Feature",
      "properties": {
        "kind": "road"
      },
      "geometry": {
        "type": "LineString",
        "coordinates": [
          [
            77.675749,
            12.899641
          ],
          [
            77.675747,
            12.898985
          ],
          [
            77.675747,
            12.89891
          ]
        ]
      }
    },
    {
      "type": "Feature",
      "properties": {
        "kind": "road"
      },
      "geometry": {
        "type": "LineString",
        "coordinates": [
          [
            77.676048,
            12.89982
          ],
          [
            77.676033,
            12.898985
          ],
          [
            77.676032,
            12.898924
          ]
        ]
      }
    },
    {
      "type": "Feature",
      "properties": {
        "kind": "road"
      },
      "geometry": {
        "type": "LineString",
        "coordinates": [
          [
            77.680258,
            12.897588
          ],
          [
            77.680204,
            12.897339
          ],
          [
            77.680141,
            12.897015
          ],
          [
            77.680068,
            12.896704
          ]
        ]
      }
    },
    {
      "type": "Feature",
      "properties": {
        "kind": "road"
      },
      "geometry": {
        "type": "LineString",
        "coordinates": [
          [
            77.679725,
            12.896747
          ],
          [
            77.679981,
            12.897596
          ]
        ]
      }
    },
    {
      "type": "Feature",
      "properties": {
        "kind": "road"
      },
      "geometry": {
        "type": "LineString",
        "coordinates": [
          [
            77.679593,
            12.897234
          ],
          [
            77.679442,
            12.896782
          ]
        ]
      }
    },
    {
      "type": "Feature",
      "properties": {
        "kind": "road"
      },
      "geometry": {
        "type": "LineString",
        "coordinates": [
          [
            77.678215,
            12.895029
          ],
          [
            77.678552,
            12.894929
          ],
          [
            77.678912,
            12.894799
          ],
          [
            77.679163,
            12.894678
          ],
          [
            77.679175,
            12.894629
          ]
        ]
      }
    },
    {
      "type": "Feature",
      "properties": {
        "kind": "road"
      },
      "geometry": {
        "type": "LineString",
        "coordinates": [
          [
            77.679239,
            12.892283
          ],
          [
            77.679451,
            12.892226
          ],
          [
            77.679644,
            12.892182
          ]
        ]
      }
    },
    {
      "type": "Feature",
      "properties": {
        "kind": "road"
      },
      "geometry": {
        "type": "LineString",
        "coordinates": [
          [
            77.679574,
            12.892727
          ],
          [
            77.679451,
            12.892226
          ],
          [
            77.679349,
            12.891926
          ],
          [
            77.679317,
            12.891804
          ],
          [
            77.679301,
            12.891666
          ]
        ]
      }
    },
    {
      "type": "Feature",
      "properties": {
        "kind": "road"
      },
      "geometry": {
        "type": "LineString",
        "coordinates": [
          [
            77.68117,
            12.895122
          ],
          [
            77.681255,
            12.895319
          ],
          [
            77.681293,
            12.895419
          ],
          [
            77.681347,
            12.895594
          ],
          [
            77.681375,
            12.895713
          ],
          [
            77.681407,
            12.895901
          ],
          [
            77.68146,
            12.896181
          ]
        ]
      }
    },
    {
      "type": "Feature",
      "properties": {
        "kind": "road"
      },
      "geometry": {
        "type": "LineString",
        "coordinates": [
          [
            77.673355,
            12.90398
          ],
          [
            77.67321,
            12.903619
          ],
          [
            77.673009,
            12.903161
          ],
          [
            77.672804,
            12.902617
          ],
          [
            77.672765,
            12.902505
          ],
          [
            77.672744,
            12.902139
          ],
          [
            77.672714,
            12.901807
          ],
          [
            77.67269,
            12.901103
          ],
          [
            77.672662,
            12.900169
          ]
        ]
      }
    },
    {
      "type": "Feature",
      "properties": {
        "kind": "road"
      },
      "geometry": {
        "type": "LineString",
        "coordinates": [
          [
            77.682009,
            12.899468
          ],
          [
            77.681967,
            12.899185
          ],
          [
            77.681923,
            12.898887
          ],
          [
            77.68191,
            12.898798
          ],
          [
            77.681882,
            12.898607
          ],
          [
            77.681868,
            12.898511
          ],
          [
            77.681837,
            12.898297
          ],
          [
            77.681824,
            12.898212
          ],
          [
            77.681791,
            12.897988
          ],
          [
            77.681782,
            12.897924
          ],
          [
            77.681747,
            12.897691
          ]
        ]
      }
    },
    {
      "type": "Feature",
      "properties": {
        "kind": "road"
      },
      "geometry": {
        "type": "LineString",
        "coordinates": [
          [
            77.67872,
            12.896116
          ],
          [
            77.678777,
            12.896092
          ],
          [
            77.678855,
            12.89606
          ]
        ]
      }
    },
    {
      "type": "Feature",
      "properties": {
        "kind": "road",
        "surface": "gravel"
      },
      "geometry": {
        "type": "LineString",
        "coordinates": [
          [
            77.680162,
            12.89524
          ],
          [
            77.68026,
            12.895324
          ],
          [
            77.680394,
            12.895696
          ],
          [
            77.68047,
            12.896049
          ]
        ]
      }
    },
    {
      "type": "Feature",
      "properties": {
        "kind": "road",
        "surface": "unpaved"
      },
      "geometry": {
        "type": "LineString",
        "coordinates": [
          [
            77.682655,
            12.8963
          ],
          [
            77.682678,
            12.896318
          ],
          [
            77.682768,
            12.896588
          ],
          [
            77.682899,
            12.896662
          ],
          [
            77.683285,
            12.896788
          ],
          [
            77.683487,
            12.896849
          ],
          [
            77.683605,
            12.896878
          ],
          [
            77.683835,
            12.896911
          ],
          [
            77.683964,
            12.896927
          ],
          [
            77.684003,
            12.896969
          ],
          [
            77.684035,
            12.897032
          ],
          [
            77.684063,
            12.897153
          ],
          [
            77.684066,
            12.897408
          ]
        ]
      }
    },
    {
      "type": "Feature",
      "properties": {
        "kind": "road",
        "surface": "asphalt"
      },
      "geometry": {
        "type": "LineString",
        "coordinates": [
          [
            77.68146,
            12.896181
          ],
          [
            77.681526,
            12.896502
          ],
          [
            77.681581,
            12.896795
          ],
          [
            77.68162,
            12.897109
          ],
          [
            77.681669,
            12.89739
          ],
          [
            77.681747,
            12.897691
          ]
        ]
      }
    },
    {
      "type": "Feature",
      "properties": {
        "kind": "road",
        "surface": "concrete:plates"
      },
      "geometry": {
        "type": "LineString",
        "coordinates": [
          [
            77.678641,
            12.896081
          ],
          [
            77.678691,
            12.896104
          ],
          [
            77.67872,
            12.896116
          ],
          [
            77.678759,
            12.896133
          ],
          [
            77.679126,
            12.896547
          ]
        ]
      }
    },
    {
      "type": "Feature",
      "properties": {
        "kind": "road",
        "surface": "unpaved"
      },
      "geometry": {
        "type": "LineString",
        "coordinates": [
          [
            77.671757,
            12.8937
          ],
          [
            77.671814,
            12.893698
          ],
          [
            77.672723,
            12.893743
          ],
          [
            77.673349,
            12.893774
          ],
          [
            77.67358,
            12.893781
          ],
          [
            77.673626,
            12.893784
          ],
          [
            77.67411,
            12.893811
          ]
        ]
      }
    },
    {
      "type": "Feature",
      "properties": {
        "kind": "road"
      },
      "geometry": {
        "type": "LineString",
        "coordinates": [
          [
            77.681526,
            12.896502
          ],
          [
            77.682655,
            12.8963
          ]
        ]
      }
    },
    {
      "type": "Feature",
      "properties": {
        "kind": "road"
      },
      "geometry": {
        "type": "LineString",
        "coordinates": [
          [
            77.681581,
            12.896795
          ],
          [
            77.682768,
            12.896588
          ]
        ]
      }
    },
    {
      "type": "Feature",
      "properties": {
        "kind": "road"
      },
      "geometry": {
        "type": "LineString",
        "coordinates": [
          [
            77.672692,
            12.890105
          ],
          [
            77.672909,
            12.890038
          ]
        ]
      }
    },
    {
      "type": "Feature",
      "properties": {
        "kind": "road"
      },
      "geometry": {
        "type": "LineString",
        "coordinates": [
          [
            77.672692,
            12.890105
          ],
          [
            77.672518,
            12.890238
          ],
          [
            77.672389,
            12.890262
          ],
          [
            77.672262,
            12.890297
          ]
        ]
      }
    },
    {
      "type": "Feature",
      "properties": {
        "kind": "road"
      },
      "geometry": {
        "type": "LineString",
        "coordinates": [
          [
            77.671969,
            12.891536
          ],
          [
            77.671918,
            12.891243
          ],
          [
            77.671799,
            12.890864
          ],
          [
            77.671663,
            12.890453
          ],
          [
            77.67212,
            12.890343
          ],
          [
            77.672262,
            12.890297
          ],
          [
            77.67224,
            12.890013
          ]
        ]
      }
    },
    {
      "type": "Feature",
      "properties": {
        "kind": "road"
      },
      "geometry": {
        "type": "LineString",
        "coordinates": [
          [
            77.673669,
            12.89222
          ],
          [
            77.673767,
            12.892213
          ],
          [
            77.673903,
            12.892192
          ],
          [
            77.674875,
            12.892164
          ],
          [
            77.675339,
            12.892153
          ],
          [
            77.675411,
            12.89215
          ],
          [
            77.676277,
            12.892118
          ],
          [
            77.676345,
            12.892101
          ],
          [
            77.6764,
            12.892032
          ],
          [
            77.676393,
            12.89183
          ],
          [
            77.676378,
            12.891786
          ],
          [
            77.676348,
            12.891747
          ],
          [
            77.676303,
            12.891727
          ],
          [
            77.676232,
            12.891707
          ],
          [
            77.676156,
            12.891694
          ],
          [
            77.675324,
            12.891746
          ],
          [
            77.674862,
            12.891761
          ],
          [
            77.674058,
            12.891812
          ],
          [
            77.67397,
            12.891827
          ],
          [
            77.673905,
            12.89186
          ],
          [
            77.673874,
            12.891891
          ],
          [
            77.673862,
            12.891926
          ],
          [
            77.673859,
            12.892008
          ],
          [
            77.673903,
            12.892192
          ]
        ]
      }
    },
    {
      "type": "Feature",
      "properties": {
        "kind": "road"
      },
      "geometry": {
        "type": "LineString",
        "coordinates": [
          [
            77.674875,
            12.892164
          ],
          [
            77.674862,
            12.891761
          ]
        ]
      }
    },
    {
      "type": "Feature",
      "properties": {
        "kind": "road"
      },
      "geometry": {
        "type": "LineString",
        "coordinates": [
          [
            77.672283,
            12.898563
          ],
          [
            77.671612,
            12.899388
          ],
          [
            77.671577,
            12.899409
          ],
          [
            77.671526,
            12.89943
          ],
          [
            77.671241,
            12.899526
          ],
          [
            77.671211,
            12.899525
          ],
          [
            77.671192,
            12.899508
          ],
          [
            77.67118,
            12.899489
          ],
          [
            77.670977,
            12.898802
          ],
          [
            77.670968,
            12.898763
          ],
          [
            77.670968,
            12.898727
          ],
          [
            77.670981,
            12.898691
          ],
          [
            77.671004,
            12.898667
          ],
          [
            77.671037,
            12.898651
          ],
          [
            77.67125,
            12.898611
          ],
          [
            77.671273,
            12.898613
          ],
          [
            77.671286,
            12.898623
          ],
          [
            77.671296,
            12.89864
          ],
          [
            77.671395,
            12.899127
          ],
          [
            77.671409,
            12.899141
          ],
          [
            77.671431,
            12.899142
          ],
          [
            77.671445,
            12.899132
          ],
          [
            77.672151,
            12.898175
          ],
          [
            77.672169,
            12.898168
          ],
          [
            77.672205,
            12.898166
          ],
          [
            77.672224,
            12.898152
          ],
          [
            77.672359,
            12.897933
          ],
          [
            77.67238,
            12.897924
          ],
          [
            77.672411,
            12.897919
          ],
          [
            77.672502,
            12.897963
          ],
          [
            77.672514,
            12.89798
          ],
          [
            77.672518,
            12.898005
          ],
          [
            77.672515,
            12.898033
          ],
          [
            77.672433,
            12.898237
          ],
          [
            77.672429,
            12.898281
          ],
          [
            77.672434,
            12.898356
          ],
          [
            77.672283,
            12.898563
          ]
        ]
      }
    },
    {
      "type": "Feature",
      "properties": {
        "kind": "road"
      },
      "geometry": {
        "type": "LineString",
        "coordinates": [
          [
            77.673525,
            12.89444
          ],
          [
            77.673563,
            12.894194
          ],
          [
            77.673626,
            12.893784
          ]
        ]
      }
    },
    {
      "type": "Feature",
      "properties": {
        "kind": "road"
      },
      "geometry": {
        "type": "LineString",
        "coordinates": [
          [
            77.669981,
            12.897575
          ],
          [
            77.670062,
            12.898059
          ]
        ]
      }
    },
    {
      "type": "Feature",
      "properties": {
        "kind": "road",
        "surface": "asphalt"
      },
      "geometry": {
        "type": "LineString",
        "coordinates": [
          [
            77.674786,
            12.895718
          ],
          [
            77.674767,
            12.895666
          ],
          [
            77.67436,
            12.894517
          ],
          [
            77.67411,
            12.893811
          ],
          [
            77.673884,
            12.893177
          ],
          [
            77.673825,
            12.893009
          ],
          [
            77.673793,
            12.89292
          ],
          [
            77.673783,
            12.892891
          ],
          [
            77.673757,
            12.892738
          ],
          [
            77.673737,
            12.892617
          ],
          [
            77.673705,
            12.892428
          ],
          [
            77.673669,
            12.89222
          ],
          [
            77.673655,
            12.892137
          ],
          [
            77.673637,
            12.892029
          ],
          [
            77.673467,
            12.891045
          ],
          [
            77.673436,
            12.890843
          ],
          [
            77.673414,
            12.890715
          ],
          [
            77.673391,
            12.890597
          ],
          [
            77.67326,
            12.889949
          ],
          [
            77.67322,
            12.889751
          ],
          [
            77.673157,
            12.889436
          ],
          [
            77.673056,
            12.888934
          ],
          [
            77.672994,
            12.888627
          ],
          [
            77.672985,
            12.888582
          ],
          [
            77.67297,
            12.888506
          ],
          [
            77.672956,
            12.888444
          ],
          [
            77.672825,
            12.887862
          ],
          [
            77.672797,
            12.887739
          ],
          [
            77.672725,
            12.887417
          ],
          [
            77.672718,
            12.887384
          ],
          [
            77.672641,
            12.887044
          ],
          [
            77.672618,
            12.88694
          ],
          [
            77.672573,
            12.886739
          ]
        ]
      }
    },
    {
      "type": "Feature",
      "properties": {
        "kind": "road",
        "surface": "unpaved"
      },
      "geometry": {
        "type": "LineString",
        "coordinates": [
          [
            77.680598,
            12.893993
          ],
          [
            77.680751,
            12.893954
          ],
          [
            77.68087,
            12.893908
          ]
        ]
      }
    },
    {
      "type": "Feature",
      "properties": {
        "kind": "road",
        "surface": "unpaved"
      },
      "geometry": {
        "type": "LineString",
        "coordinates": [
          [
            77.68087,
            12.893908
          ],
          [
            77.681019,
            12.89385
          ],
          [
            77.681139,
            12.893721
          ],
          [
            77.681171,
            12.893478
          ],
          [
            77.681049,
            12.892536
          ]
        ]
      }
    },
    {
      "type": "Feature",
      "properties": {
        "kind": "road"
      },
      "geometry": {
        "type": "LineString",
        "coordinates": [
          [
            77.673757,
            12.892738
          ],
          [
            77.673693,
            12.892745
          ],
          [
            77.673156,
            12.892809
          ]
        ]
      }
    },
    {
      "type": "Feature",
      "properties": {
        "kind": "road"
      },
      "geometry": {
        "type": "LineString",
        "coordinates": [
          [
            77.673156,
            12.892809
          ],
          [
            77.672884,
            12.892852
          ],
          [
            77.672614,
            12.892894
          ],
          [
            77.672344,
            12.892937
          ],
          [
            77.672091,
            12.892977
          ],
          [
            77.672071,
            12.892872
          ],
          [
            77.672048,
            12.892747
          ],
          [
            77.67203,
            12.892647
          ],
          [
            77.672008,
            12.892528
          ],
          [
            77.672066,
            12.89251
          ]
        ]
      }
    },
    {
      "type": "Feature",
      "properties": {
        "kind": "road"
      },
      "geometry": {
        "type": "LineString",
        "coordinates": [
          [
            77.673705,
            12.892428
          ],
          [
            77.673637,
            12.892439
          ],
          [
            77.673421,
            12.892471
          ],
          [
            77.673353,
            12.892482
          ],
          [
            77.673245,
            12.892553
          ],
          [
            77.673121,
            12.892577
          ]
        ]
      }
    },
    {
      "type": "Feature",
      "properties": {
        "kind": "road"
      },
      "geometry": {
        "type": "LineString",
        "coordinates": [
          [
            77.673121,
            12.892577
          ],
          [
            77.672849,
            12.89262
          ],
          [
            77.672587,
            12.892662
          ],
          [
            77.672309,
            12.892706
          ],
          [
            77.672048,
            12.892747
          ]
        ]
      }
    },
    {
      "type": "Feature",
      "properties": {
        "kind": "road"
      },
      "geometry": {
        "type": "LineString",
        "coordinates": [
          [
            77.673156,
            12.892809
          ],
          [
            77.67314,
            12.892705
          ],
          [
            77.673121,
            12.892577
          ]
        ]
      }
    },
    {
      "type": "Feature",
      "properties": {
        "kind": "road"
      },
      "geometry": {
        "type": "LineString",
        "coordinates": [
          [
            77.673121,
            12.892577
          ],
          [
            77.673105,
            12.892476
          ],
          [
            77.673087,
            12.892358
          ]
        ]
      }
    },
    {
      "type": "Feature",
      "properties": {
        "kind": "road"
      },
      "geometry": {
        "type": "LineString",
        "coordinates": [
          [
            77.673087,
            12.892358
          ],
          [
            77.672819,
            12.892398
          ],
          [
            77.672556,
            12.892437
          ],
          [
            77.672281,
            12.892478
          ],
          [
            77.672066,
            12.89251
          ]
        ]
      }
    },
    {
      "type": "Feature",
      "properties": {
        "kind": "road"
      },
      "geometry": {
        "type": "LineString",
        "coordinates": [
          [
            77.673421,
            12.892471
          ],
          [
            77.673376,
            12.892148
          ]
        ]
      }
    },
    {
      "type": "Feature",
      "properties": {
        "kind": "road"
      },
      "geometry": {
        "type": "LineString",
        "coordinates": [
          [
            77.673637,
            12.892029
          ],
          [
            77.67353,
            12.892037
          ],
          [
            77.673411,
            12.892045
          ]
        ]
      }
    },
    {
      "type": "Feature",
      "properties": {
        "kind": "road"
      },
      "geometry": {
        "type": "LineString",
        "coordinates": [
          [
            77.673411,
            12.892045
          ],
          [
            77.672394,
            12.892186
          ]
        ]
      }
    },
    {
      "type": "Feature",
      "properties": {
        "kind": "road"
      },
      "geometry": {
        "type": "LineString",
        "coordinates": [
          [
            77.672394,
            12.892186
          ],
          [
            77.672305,
            12.891634
          ]
        ]
      }
    },
    {
      "type": "Feature",
      "properties": {
        "kind": "road"
      },
      "geometry": {
        "type": "LineString",
        "coordinates": [
          [
            77.672305,
            12.891634
          ],
          [
            77.672312,
            12.891597
          ],
          [
            77.67233,
            12.891573
          ],
          [
            77.67239,
            12.891545
          ],
          [
            77.672506,
            12.891496
          ],
          [
            77.672554,
            12.891487
          ],
          [
            77.673303,
            12.891391
          ]
        ]
      }
    },
    {
      "type": "Feature",
      "properties": {
        "kind": "road"
      },
      "geometry": {
        "type": "LineString",
        "coordinates": [
          [
            77.673411,
            12.892045
          ],
          [
            77.673364,
            12.891671
          ],
          [
            77.673342,
            12.891476
          ],
          [
            77.673338,
            12.891456
          ],
          [
            77.673326,
            12.891411
          ],
          [
            77.673303,
            12.891391
          ]
        ]
      }
    },
    {
      "type": "Feature",
      "properties": {
        "kind": "road"
      },
      "geometry": {
        "type": "LineString",
        "coordinates": [
          [
            77.671334,
            12.893366
          ],
          [
            77.671277,
            12.893368
          ],
          [
            77.670258,
            12.893543
          ]
        ]
      }
    },
    {
      "type": "Feature",
      "properties": {
        "kind": "road"
      },
      "geometry": {
        "type": "LineString",
        "coordinates": [
          [
            77.671801,
            12.89004
          ],
          [
            77.67207,
            12.889948
          ],
          [
            77.67214,
            12.889924
          ],
          [
            77.672224,
            12.889908
          ]
        ]
      }
    },
    {
      "type": "Feature",
      "properties": {
        "kind": "road"
      },
      "geometry": {
        "type": "LineString",
        "coordinates": [
          [
            77.672224,
            12.889908
          ],
          [
            77.672668,
            12.889745
          ]
        ]
      }
    },
    {
      "type": "Feature",
      "properties": {
        "kind": "road"
      },
      "geometry": {
        "type": "LineString",
        "coordinates": [
          [
            77.669686,
            12.893458
          ],
          [
            77.669504,
            12.892274
          ]
        ]
      }
    },
    {
      "type": "Feature",
      "properties": {
        "kind": "road"
      },
      "geometry": {
        "type": "LineString",
        "coordinates": [
          [
            77.669504,
            12.892274
          ],
          [
            77.669108,
            12.890199
          ]
        ]
      }
    },
    {
      "type": "Feature",
      "properties": {
        "kind": "road"
      },
      "geometry": {
        "type": "LineString",
        "coordinates": [
          [
            77.669026,
            12.890039
          ],
          [
            77.668989,
            12.889888
          ],
          [
            77.668792,
            12.888898
          ],
          [
            77.66864,
            12.888277
          ],
          [
            77.668506,
            12.887828
          ],
          [
            77.66843,
            12.887616
          ]
        ]
      }
    },
    {
      "type": "Feature",
      "properties": {
        "kind": "road"
      },
      "geometry": {
        "type": "LineString",
        "coordinates": [
          [
            77.67308,
            12.89669
          ],
          [
            77.67287,
            12.896653
          ]
        ]
      }
    },
    {
      "type": "Feature",
      "properties": {
        "kind": "road"
      },
      "geometry": {
        "type": "LineString",
        "coordinates": [
          [
            77.672955,
            12.895533
          ],
          [
            77.67286,
            12.896247
          ]
        ]
      }
    },
    {
      "type": "Feature",
      "properties": {
        "kind": "road"
      },
      "geometry": {
        "type": "LineString",
        "coordinates": [
          [
            77.671961,
            12.895427
          ],
          [
            77.671986,
            12.895777
          ],
          [
            77.67205,
            12.89631
          ],
          [
            77.672105,
            12.896927
          ]
        ]
      }
    },
    {
      "type": "Feature",
      "properties": {
        "kind": "road"
      },
      "geometry": {
        "type": "LineString",
        "coordinates": [
          [
            77.675505,
            12.900376
          ],
          [
            77.675409,
            12.900385
          ],
          [
            77.675349,
            12.90039
          ]
        ]
      }
    },
    {
      "type": "Feature",
      "properties": {
        "kind": "road",
        "surface": "unpaved"
      },
      "geometry": {
        "type": "LineString",
        "coordinates": [
          [
            77.678923,
            12.895104
          ],
          [
            77.67903,
            12.895331
          ]
        ]
      }
    },
    {
      "type": "Feature",
      "properties": {
        "kind": "road"
      },
      "geometry": {
        "type": "LineString",
        "coordinates": [
          [
            77.681293,
            12.895419
          ],
          [
            77.681901,
            12.895183
          ],
          [
            77.681947,
            12.895202
          ],
          [
            77.68202,
            12.895502
          ]
        ]
      }
    },
    {
      "type": "Feature",
      "properties": {
        "kind": "road"
      },
      "geometry": {
        "type": "LineString",
        "coordinates": [
          [
            77.679498,
            12.894477
          ],
          [
            77.679457,
            12.894488
          ],
          [
            77.679348,
            12.894518
          ]
        ]
      }
    },
    {
      "type": "Feature",
      "properties": {
        "kind": "road"
      },
      "geometry": {
        "type": "LineString",
        "coordinates": [
          [
            77.676351,
            12.894825
          ],
          [
            77.676412,
            12.894777
          ],
          [
            77.676483,
            12.894708
          ],
          [
            77.676568,
            12.894599
          ],
          [
            77.676649,
            12.894475
          ],
          [
            77.676672,
            12.894417
          ]
        ]
      }
    },
    {
      "type": "Feature",
      "properties": {
        "kind": "road"
      },
      "geometry": {
        "type": "LineString",
        "coordinates": [
          [
            77.676145,
            12.894898
          ],
          [
            77.675898,
            12.894273
          ],
          [
            77.675951,
            12.894095
          ],
          [
            77.676147,
            12.894109
          ],
          [
            77.676308,
            12.893904
          ]
        ]
      }
    },
    {
      "type": "Feature",
      "properties": {
        "kind": "road"
      },
      "geometry": {
        "type": "LineString",
        "coordinates": [
          [
            77.675951,
            12.894095
          ],
          [
            77.675475,
            12.894039
          ]
        ]
      }
    },
    {
      "type": "Feature",
      "properties": {
        "kind": "road"
      },
      "geometry": {
        "type": "LineString",
        "coordinates": [
          [
            77.675898,
            12.894273
          ],
          [
            77.675588,
            12.894387
          ],
          [
            77.675475,
            12.894039
          ]
        ]
      }
    },
    {
      "type": "Feature",
      "properties": {
        "kind": "road"
      },
      "geometry": {
        "type": "LineString",
        "coordinates": [
          [
            77.673705,
            12.892428
          ],
          [
            77.673883,
            12.892422
          ],
          [
            77.675652,
            12.892356
          ]
        ]
      }
    },
    {
      "type": "Feature",
      "properties": {
        "kind": "road"
      },
      "geometry": {
        "type": "LineString",
        "coordinates": [
          [
            77.676589,
            12.891896
          ],
          [
            77.676845,
            12.891877
          ]
        ]
      }
    },
    {
      "type": "Feature",
      "properties": {
        "kind": "road"
      },
      "geometry": {
        "type": "LineString",
        "coordinates": [
          [
            77.676572,
            12.891724
          ],
          [
            77.676822,
            12.891693
          ]
        ]
      }
    },
    {
      "type": "Feature",
      "properties": {
        "kind": "road"
      },
      "geometry": {
        "type": "LineString",
        "coordinates": [
          [
            77.682244,
            12.892121
          ],
          [
            77.682581,
            12.892702
          ],
          [
            77.682808,
            12.892584
          ],
          [
            77.683024,
            12.892473
          ],
          [
            77.683311,
            12.892978
          ],
          [
            77.683364,
            12.892946
          ]
        ]
      }
    },
    {
      "type": "Feature",
      "properties": {
        "kind": "road"
      },
      "geometry": {
        "type": "LineString",
        "coordinates": [
          [
            77.675579,
            12.889815
          ],
          [
            77.675572,
            12.889447
          ]
        ]
      }
    },
    {
      "type": "Feature",
      "properties": {
        "kind": "road"
      },
      "geometry": {
        "type": "LineString",
        "coordinates": [
          [
            77.678567,
            12.889431
          ],
          [
            77.678714,
            12.889444
          ],
          [
            77.678825,
            12.889454
          ]
        ]
      }
    },
    {
      "type": "Feature",
      "properties": {
        "kind": "road"
      },
      "geometry": {
        "type": "LineString",
        "coordinates": [
          [
            77.681296,
            12.889798
          ],
          [
            77.680931,
            12.889799
          ]
        ]
      }
    },
    {
      "type": "Feature",
      "properties": {
        "kind": "road"
      },
      "geometry": {
        "type": "LineString",
        "coordinates": [
          [
            77.68191,
            12.898798
          ],
          [
            77.681352,
            12.898891
          ]
        ]
      }
    },
    {
      "type": "Feature",
      "properties": {
        "kind": "road"
      },
      "geometry": {
        "type": "LineString",
        "coordinates": [
          [
            77.678691,
            12.896104
          ],
          [
            77.678646,
            12.896143
          ],
          [
            77.678489,
            12.896277
          ],
          [
            77.678394,
            12.896419
          ],
          [
            77.678293,
            12.896593
          ],
          [
            77.678139,
            12.896722
          ],
          [
            77.67802,
            12.896786
          ],
          [
            77.677852,
            12.896821
          ],
          [
            77.677609,
            12.89683
          ],
          [
            77.677498,
            12.896824
          ]
        ]
      }
    },
    {
      "type": "Feature",
      "properties": {
        "kind": "road"
      },
      "geometry": {
        "type": "LineString",
        "coordinates": [
          [
            77.672344,
            12.892937
          ],
          [
            77.672328,
            12.892833
          ],
          [
            77.672309,
            12.892706
          ],
          [
            77.672297,
            12.892607
          ],
          [
            77.672281,
            12.892478
          ]
        ]
      }
    },
    {
      "type": "Feature",
      "properties": {
        "kind": "road"
      },
      "geometry": {
        "type": "LineString",
        "coordinates": [
          [
            77.672071,
            12.892872
          ],
          [
            77.672328,
            12.892833
          ],
          [
            77.672601,
            12.89279
          ],
          [
            77.672869,
            12.892748
          ],
          [
            77.67314,
            12.892705
          ]
        ]
      }
    },
    {
      "type": "Feature",
      "properties": {
        "kind": "road"
      },
      "geometry": {
        "type": "LineString",
        "coordinates": [
          [
            77.672614,
            12.892894
          ],
          [
            77.672601,
            12.89279
          ],
          [
            77.672587,
            12.892662
          ],
          [
            77.672572,
            12.892557
          ],
          [
            77.672556,
            12.892437
          ]
        ]
      }
    },
    {
      "type": "Feature",
      "properties": {
        "kind": "road"
      },
      "geometry": {
        "type": "LineString",
        "coordinates": [
          [
            77.672884,
            12.892852
          ],
          [
            77.672869,
            12.892748
          ],
          [
            77.672849,
            12.89262
          ],
          [
            77.672836,
            12.892517
          ],
          [
            77.672819,
            12.892398
          ]
        ]
      }
    },
    {
      "type": "Feature",
      "properties": {
        "kind": "road"
      },
      "geometry": {
        "type": "LineString",
        "coordinates": [
          [
            77.673105,
            12.892476
          ],
          [
            77.672836,
            12.892517
          ],
          [
            77.672572,
            12.892557
          ],
          [
            77.672297,
            12.892607
          ],
          [
            77.672286,
            12.892609
          ],
          [
            77.67203,
            12.892647
          ]
        ]
      }
    },
    {
      "type": "Feature",
      "properties": {
        "kind": "road"
      },
      "geometry": {
        "type": "LineString",
        "coordinates": [
          [
            77.673643,
            12.895756
          ],
          [
            77.673792,
            12.895676
          ],
          [
            77.674042,
            12.895651
          ],
          [
            77.674222,
            12.895691
          ],
          [
            77.674371,
            12.895803
          ],
          [
            77.674621,
            12.895717
          ],
          [
            77.674767,
            12.895666
          ]
        ]
      }
    },
    {
      "type": "Feature",
      "properties": {
        "kind": "road"
      },
      "geometry": {
        "type": "LineString",
        "coordinates": [
          [
            77.674222,
            12.895691
          ],
          [
            77.674341,
            12.894904
          ]
        ]
      }
    },
    {
      "type": "Feature",
      "properties": {
        "kind": "road",
        "surface": "unpaved"
      },
      "geometry": {
        "type": "LineString",
        "coordinates": [
          [
            77.680001,
            12.891618
          ],
          [
            77.679948,
            12.891329
          ]
        ]
      }
    },
    {
      "type": "Feature",
      "properties": {
        "kind": "road"
      },
      "geometry": {
        "type": "LineString",
        "coordinates": [
          [
            77.676376,
            12.890317
          ],
          [
            77.676429,
            12.890335
          ],
          [
            77.676742,
            12.890443
          ],
          [
            77.677047,
            12.890558
          ],
          [
            77.677028,
            12.889948
          ],
          [
            77.676713,
            12.88978
          ],
          [
            77.676498,
            12.889691
          ],
          [
            77.676423,
            12.889663
          ],
          [
            77.676329,
            12.889629
          ]
        ]
      }
    },
    {
      "type": "Feature",
      "properties": {
        "kind": "road"
      },
      "geometry": {
        "type": "LineString",
        "coordinates": [
          [
            77.676742,
            12.890443
          ],
          [
            77.676711,
            12.890005
          ],
          [
            77.676713,
            12.88978
          ]
        ]
      }
    },
    {
      "type": "Feature",
      "properties": {
        "kind": "road"
      },
      "geometry": {
        "type": "LineString",
        "coordinates": [
          [
            77.678489,
            12.896277
          ],
          [
            77.678444,
            12.896021
          ],
          [
            77.678326,
            12.895864
          ],
          [
            77.678243,
            12.895762
          ]
        ]
      }
    },
    {
      "type": "Feature",
      "properties": {
        "kind": "road"
      },
      "geometry": {
        "type": "LineString",
        "coordinates": [
          [
            77.67212,
            12.890343
          ],
          [
            77.672176,
            12.890583
          ],
          [
            77.672227,
            12.89076
          ],
          [
            77.672312,
            12.891148
          ],
          [
            77.671918,
            12.891243
          ]
        ]
      }
    },
    {
      "type": "Feature",
      "properties": {
        "kind": "road"
      },
      "geometry": {
        "type": "LineString",
        "coordinates": [
          [
            77.672766,
            12.894375
          ],
          [
            77.673301,
            12.894417
          ],
          [
            77.673525,
            12.89444
          ]
        ]
      }
    },
    {
      "type": "Feature",
      "properties": {
        "kind": "road"
      },
      "geometry": {
        "type": "LineString",
        "coordinates": [
          [
            77.671417,
            12.893714
          ],
          [
            77.671757,
            12.8937
          ]
        ]
      }
    },
    {
      "type": "Feature",
      "properties": {
        "kind": "road"
      },
      "geometry": {
        "type": "LineString",
        "coordinates": [
          [
            77.677733,
            12.895035
          ],
          [
            77.677811,
            12.895139
          ],
          [
            77.677836,
            12.89526
          ]
        ]
      }
    },
    {
      "type": "Feature",
      "properties": {
        "kind": "road"
      },
      "geometry": {
        "type": "LineString",
        "coordinates": [
          [
            77.677197,
            12.898902
          ],
          [
            77.67719,
            12.897353
          ],
          [
            77.67719,
            12.897241
          ]
        ]
      }
    },
    {
      "type": "Feature",
      "properties": {
        "kind": "road"
      },
      "geometry": {
        "type": "LineString",
        "coordinates": [
          [
            77.677605,
            12.899011
          ],
          [
            77.677345,
            12.899014
          ],
          [
            77.677332,
            12.899018
          ],
          [
            77.677323,
            12.899031
          ],
          [
            77.677319,
            12.899044
          ],
          [
            77.677329,
            12.899698
          ]
        ]
      }
    },
    {
      "type": "Feature",
      "properties": {
        "kind": "road",
        "surface": "concrete"
      },
      "geometry": {
        "type": "LineString",
        "coordinates": [
          [
            77.675462,
            12.899226
          ],
          [
            77.675117,
            12.899239
          ],
          [
            77.675092,
            12.899266
          ],
          [
            77.675086,
            12.899307
          ],
          [
            77.675086,
            12.8994
          ]
        ]
      }
    },
    {
      "type": "Feature",
      "properties": {
        "kind": "road"
      },
      "geometry": {
        "type": "LineString",
        "coordinates": [
          [
            77.675571,
            12.90095
          ],
          [
            77.675442,
            12.900965
          ],
          [
            77.675314,
            12.90098
          ],
          [
            77.675275,
            12.900975
          ],
          [
            77.67526,
            12.900966
          ],
          [
            77.67525,
            12.900928
          ],
          [
            77.675221,
            12.900724
          ]
        ]
      }
    },
    {
      "type": "Feature",
      "properties": {
        "kind": "road"
      },
      "geometry": {
        "type": "LineString",
        "coordinates": [
          [
            77.675339,
            12.892153
          ],
          [
            77.675324,
            12.891746
          ]
        ]
      }
    },
    {
      "type": "Feature",
      "properties": {
        "kind": "road"
      },
      "geometry": {
        "type": "LineString",
        "coordinates": [
          [
            77.673859,
            12.892008
          ],
          [
            77.673743,
            12.892081
          ],
          [
            77.673655,
            12.892137
          ]
        ]
      }
    },
    {
      "type": "Feature",
      "properties": {
        "kind": "road"
      },
      "geometry": {
        "type": "LineString",
        "coordinates": [
          [
            77.673434,
            12.895072
          ],
          [
            77.672417,
            12.894951
          ],
          [
            77.67236,
            12.894934
          ],
          [
            77.672324,
            12.894916
          ],
          [
            77.672269,
            12.894888
          ],
          [
            77.672216,
            12.894831
          ],
          [
            77.6722,
            12.894783
          ],
          [
            77.672203,
            12.894711
          ],
          [
            77.672222,
            12.894634
          ],
          [
            77.672262,
            12.894574
          ],
          [
            77.672317,
            12.89453
          ],
          [
            77.672364,
            12.894513
          ],
          [
            77.672418,
            12.894516
          ],
          [
            77.672483,
            12.894516
          ],
          [
            77.672558,
            12.89448
          ],
          [
            77.672678,
            12.894441
          ],
          [
            77.672689,
            12.894408
          ],
          [
            77.672724,
            12.894385
          ],
          [
            77.672766,
            12.894375
          ]
        ]
      }
    },
    {
      "type": "Feature",
      "properties": {
        "kind": "road"
      },
      "geometry": {
        "type": "LineString",
        "coordinates": [
          [
            77.671799,
            12.890864
          ],
          [
            77.672227,
            12.89076
          ]
        ]
      }
    },
    {
      "type": "Feature",
      "properties": {
        "kind": "road"
      },
      "geometry": {
        "type": "LineString",
        "coordinates": [
          [
            77.672176,
            12.890583
          ],
          [
            77.67236,
            12.890556
          ],
          [
            77.672406,
            12.890747
          ],
          [
            77.672227,
            12.89076
          ]
        ]
      }
    },
    {
      "type": "Feature",
      "properties": {
        "kind": "road"
      },
      "geometry": {
        "type": "LineString",
        "coordinates": [
          [
            77.672406,
            12.890747
          ],
          [
            77.672594,
            12.890721
          ],
          [
            77.672569,
            12.890591
          ],
          [
            77.67256,
            12.890449
          ],
          [
            77.672556,
            12.890419
          ],
          [
            77.672518,
            12.890238
          ]
        ]
      }
    },
    {
      "type": "Feature",
      "properties": {
        "kind": "road"
      },
      "geometry": {
        "type": "LineString",
        "coordinates": [
          [
            77.672594,
            12.890721
          ],
          [
            77.672636,
            12.890784
          ],
          [
            77.673192,
            12.890695
          ]
        ]
      }
    },
    {
      "type": "Feature",
      "properties": {
        "kind": "road"
      },
      "geometry": {
        "type": "LineString",
        "coordinates": [
          [
            77.672909,
            12.890038
          ],
          [
            77.673067,
            12.89
          ],
          [
            77.67326,
            12.889949
          ]
        ]
      }
    },
    {
      "type": "Feature",
      "properties": {
        "kind": "road"
      },
      "geometry": {
        "type": "LineString",
        "coordinates": [
          [
            77.673251,
            12.891103
          ],
          [
            77.673192,
            12.890695
          ],
          [
            77.673168,
            12.890498
          ],
          [
            77.673067,
            12.89
          ]
        ]
      }
    },
    {
      "type": "Feature",
      "properties": {
        "kind": "road"
      },
      "geometry": {
        "type": "LineString",
        "coordinates": [
          [
            77.672569,
            12.890591
          ],
          [
            77.673168,
            12.890498
          ]
        ]
      }
    },
    {
      "type": "Feature",
      "properties": {
        "kind": "road"
      },
      "geometry": {
        "type": "LineString",
        "coordinates": [
          [
            77.670505,
            12.889532
          ],
          [
            77.670481,
            12.889473
          ]
        ]
      }
    },
    {
      "type": "Feature",
      "properties": {
        "kind": "road"
      },
      "geometry": {
        "type": "LineString",
        "coordinates": [
          [
            77.677047,
            12.890558
          ],
          [
            77.677091,
            12.891716
          ]
        ]
      }
    },
    {
      "type": "Feature",
      "properties": {
        "kind": "road"
      },
      "geometry": {
        "type": "LineString",
        "coordinates": [
          [
            77.677028,
            12.889948
          ],
          [
            77.677377,
            12.890126
          ],
          [
            77.677409,
            12.890538
          ],
          [
            77.677498,
            12.891669
          ]
        ]
      }
    },
    {
      "type": "Feature",
      "properties": {
        "kind": "road"
      },
      "geometry": {
        "type": "LineString",
        "coordinates": [
          [
            77.681375,
            12.895713
          ],
          [
            77.68202,
            12.895502
          ]
        ]
      }
    },
    {
      "type": "Feature",
      "properties": {
        "kind": "road",
        "surface": "unpaved"
      },
      "geometry": {
        "type": "LineString",
        "coordinates": [
          [
            77.680469,
            12.894807
          ],
          [
            77.680739,
            12.894661
          ],
          [
            77.680788,
            12.894592
          ],
          [
            77.680789,
            12.894532
          ],
          [
            77.680757,
            12.894415
          ],
          [
            77.680695,
            12.894299
          ]
        ]
      }
    },
    {
      "type": "Feature",
      "properties": {
        "kind": "road",
        "surface": "unpaved"
      },
      "geometry": {
        "type": "LineString",
        "coordinates": [
          [
            77.680598,
            12.893993
          ],
          [
            77.680638,
            12.894114
          ],
          [
            77.680695,
            12.894299
          ]
        ]
      }
    },
    {
      "type": "Feature",
      "properties": {
        "kind": "road"
      },
      "geometry": {
        "type": "LineString",
        "coordinates": [
          [
            77.679768,
            12.895115
          ],
          [
            77.680469,
            12.894807
          ]
        ]
      }
    },
    {
      "type": "Feature",
      "properties": {
        "kind": "road",
        "surface": "gravel"
      },
      "geometry": {
        "type": "LineString",
        "coordinates": [
          [
            77.679535,
            12.894613
          ],
          [
            77.679612,
            12.894792
          ],
          [
            77.679768,
            12.895115
          ]
        ]
      }
    },
    {
      "type": "Feature",
      "properties": {
        "kind": "road"
      },
      "geometry": {
        "type": "LineString",
        "coordinates": [
          [
            77.676612,
            12.898021
          ],
          [
            77.676609,
            12.898145
          ]
        ]
      }
    },
    {
      "type": "Feature",
      "properties": {
        "kind": "road"
      },
      "geometry": {
        "type": "LineString",
        "coordinates": [
          [
            77.682701,
            12.897869
          ],
          [
            77.683057,
            12.897816
          ]
        ]
      }
    },
    {
      "type": "Feature",
      "properties": {
        "kind": "road"
      },
      "geometry": {
        "type": "LineString",
        "coordinates": [
          [
            77.68117,
            12.895122
          ],
          [
            77.681294,
            12.895049
          ],
          [
            77.681367,
            12.894983
          ],
          [
            77.681369,
            12.894874
          ],
          [
            77.681359,
            12.894796
          ]
        ]
      }
    },
    {
      "type": "Feature",
      "properties": {
        "kind": "road",
        "surface": "unpaved"
      },
      "geometry": {
        "type": "LineString",
        "coordinates": [
          [
            77.682958,
            12.897222
          ],
          [
            77.68302,
            12.897523
          ]
        ]
      }
    },
    {
      "type": "Feature",
      "properties": {
        "kind": "road"
      },
      "geometry": {
        "type": "LineString",
        "coordinates": [
          [
            77.670107,
            12.889619
          ],
          [
            77.67007,
            12.889485
          ],
          [
            77.670049,
            12.889414
          ],
          [
            77.669936,
            12.889013
          ],
          [
            77.669818,
            12.88861
          ]
        ]
      }
    },
    {
      "type": "Feature",
      "properties": {
        "kind": "road"
      },
      "geometry": {
        "type": "LineString",
        "coordinates": [
          [
            77.669936,
            12.889013
          ],
          [
            77.670091,
            12.88897
          ]
        ]
      }
    },
    {
      "type": "Feature",
      "properties": {
        "kind": "road"
      },
      "geometry": {
        "type": "LineString",
        "coordinates": [
          [
            77.670287,
            12.889549
          ],
          [
            77.670236,
            12.889433
          ],
          [
            77.670205,
            12.889363
          ],
          [
            77.670091,
            12.88897
          ],
          [
            77.669953,
            12.88856
          ]
        ]
      }
    },
    {
      "type": "Feature",
      "properties": {
        "kind": "road"
      },
      "geometry": {
        "type": "LineString",
        "coordinates": [
          [
            77.670049,
            12.889414
          ],
          [
            77.670205,
            12.889363
          ]
        ]
      }
    },
    {
      "type": "Feature",
      "properties": {
        "kind": "road"
      },
      "geometry": {
        "type": "LineString",
        "coordinates": [
          [
            77.673884,
            12.893177
          ],
          [
            77.673783,
            12.893192
          ],
          [
            77.673742,
            12.893198
          ],
          [
            77.673583,
            12.893222
          ],
          [
            77.672207,
            12.893282
          ],
          [
            77.672119,
            12.893295
          ],
          [
            77.672061,
            12.893314
          ],
          [
            77.672032,
            12.893356
          ],
          [
            77.672027,
            12.8934
          ],
          [
            77.672037,
            12.89347
          ],
          [
            77.672085,
            12.893498
          ],
          [
            77.67365,
            12.893543
          ],
          [
            77.673687,
            12.893543
          ],
          [
            77.67374,
            12.89354
          ],
          [
            77.673776,
            12.893513
          ],
          [
            77.673783,
            12.893318
          ],
          [
            77.673742,
            12.893198
          ]
        ]
      }
    },
    {
      "type": "Feature",
      "properties": {
        "kind": "road"
      },
      "geometry": {
        "type": "LineString",
        "coordinates": [
          [
            77.673825,
            12.893009
          ],
          [
            77.673978,
            12.892988
          ],
          [
            77.674199,
            12.892963
          ],
          [
            77.674229,
            12.893199
          ],
          [
            77.674884,
            12.893158
          ],
          [
            77.674909,
            12.893143
          ],
          [
            77.67492,
            12.893113
          ],
          [
            77.674906,
            12.892679
          ],
          [
            77.674882,
            12.892648
          ],
          [
            77.674849,
            12.892638
          ],
          [
            77.674218,
            12.892668
          ],
          [
            77.674181,
            12.892687
          ],
          [
            77.674169,
            12.892723
          ],
          [
            77.674199,
            12.892963
          ]
        ]
      }
    },
    {
      "type": "Feature",
      "properties": {
        "kind": "road"
      },
      "geometry": {
        "type": "LineString",
        "coordinates": [
          [
            77.674122,
            12.892881
          ],
          [
            77.673923,
            12.892904
          ],
          [
            77.673793,
            12.89292
          ]
        ]
      }
    },
    {
      "type": "Feature",
      "properties": {
        "kind": "road"
      },
      "geometry": {
        "type": "LineString",
        "coordinates": [
          [
            77.668934,
            12.890075
          ],
          [
            77.669232,
            12.891447
          ]
        ]
      }
    },
    {
      "type": "Feature",
      "properties": {
        "kind": "road"
      },
      "geometry": {
        "type": "LineString",
        "coordinates": [
          [
            77.669232,
            12.891447
          ],
          [
            77.669102,
            12.891477
          ],
          [
            77.668847,
            12.891536
          ],
          [
            77.668813,
            12.891563
          ],
          [
            77.668802,
            12.891612
          ],
          [
            77.668978,
            12.892565
          ],
          [
            77.668996,
            12.892604
          ],
          [
            77.669035,
            12.892628
          ],
          [
            77.669253,
            12.892564
          ],
          [
            77.669284,
            12.892537
          ],
          [
            77.669284,
            12.892492
          ],
          [
            77.669102,
            12.891477
          ]
        ]
      }
    },
    {
      "type": "Feature",
      "properties": {
        "kind": "road"
      },
      "geometry": {
        "type": "LineString",
        "coordinates": [
          [
            77.676678,
            12.888397
          ],
          [
            77.676675,
            12.888446
          ],
          [
            77.676674,
            12.888462
          ],
          [
            77.676671,
            12.888477
          ],
          [
            77.676618,
            12.888478
          ],
          [
            77.676433,
            12.888468
          ],
          [
            77.676404,
            12.888481
          ],
          [
            77.676381,
            12.888511
          ],
          [
            77.676403,
            12.889376
          ],
          [
            77.676417,
            12.889419
          ],
          [
            77.676447,
            12.889452
          ],
          [
            77.676666,
            12.889567
          ],
          [
            77.677108,
            12.889787
          ],
          [
            77.677181,
            12.889798
          ],
          [
            77.677216,
            12.889761
          ],
          [
            77.677208,
            12.889688
          ]
        ]
      }
    },
    {
      "type": "Feature",
      "properties": {
        "kind": "road"
      },
      "geometry": {
        "type": "LineString",
        "coordinates": [
          [
            77.677208,
            12.889688
          ],
          [
            77.677105,
            12.888491
          ],
          [
            77.677086,
            12.888476
          ],
          [
            77.677069,
            12.888471
          ],
          [
            77.677049,
            12.888469
          ],
          [
            77.676827,
            12.888475
          ],
          [
            77.676768,
            12.888476
          ],
          [
            77.676769,
            12.888461
          ],
          [
            77.676769,
            12.888448
          ],
          [
            77.67677,
            12.888397
          ]
        ]
      }
    },
    {
      "type": "Feature",
      "properties": {
        "kind": "road"
      },
      "geometry": {
        "type": "LineString",
        "coordinates": [
          [
            77.678298,
            12.893151
          ],
          [
            77.678241,
            12.893139
          ],
          [
            77.678196,
            12.893131
          ],
          [
            77.678166,
            12.893136
          ],
          [
            77.678143,
            12.893147
          ],
          [
            77.678097,
            12.893167
          ],
          [
            77.677992,
            12.893204
          ],
          [
            77.677897,
            12.893221
          ],
          [
            77.677844,
            12.893231
          ]
        ]
      }
    },
    {
      "type": "Feature",
      "properties": {
        "kind": "road"
      },
      "geometry": {
        "type": "LineString",
        "coordinates": [
          [
            77.672667,
            12.899981
          ],
          [
            77.67268,
            12.898873
          ]
        ]
      }
    },
    {
      "type": "Feature",
      "properties": {
        "kind": "road"
      },
      "geometry": {
        "type": "LineString",
        "coordinates": [
          [
            77.675457,
            12.898891
          ],
          [
            77.675593,
            12.898903
          ],
          [
            77.675747,
            12.89891
          ],
          [
            77.676032,
            12.898924
          ],
          [
            77.676591,
            12.8989
          ],
          [
            77.676684,
            12.898896
          ],
          [
            77.677197,
            12.898902
          ],
          [
            77.677605,
            12.898904
          ],
          [
            77.67778,
            12.898909
          ],
          [
            77.677994,
            12.898912
          ]
        ]
      }
    },
    {
      "type": "Feature",
      "properties": {
        "kind": "road"
      },
      "geometry": {
        "type": "LineString",
        "coordinates": [
          [
            77.67393,
            12.901456
          ],
          [
            77.673862,
            12.900111
          ],
          [
            77.673858,
            12.900053
          ]
        ]
      }
    },
    {
      "type": "Feature",
      "properties": {
        "kind": "road"
      },
      "geometry": {
        "type": "LineString",
        "coordinates": [
          [
            77.670081,
            12.896299
          ],
          [
            77.670478,
            12.896971
          ]
        ]
      }
    },
    {
      "type": "Feature",
      "properties": {
        "kind": "road"
      },
      "geometry": {
        "type": "LineString",
        "coordinates": [
          [
            77.669592,
            12.897774
          ],
          [
            77.669658,
            12.898172
          ]
        ]
      }
    },
    {
      "type": "Feature",
      "properties": {
        "kind": "road"
      },
      "geometry": {
        "type": "LineString",
        "coordinates": [
          [
            77.672604,
            12.898887
          ],
          [
            77.672577,
            12.89867
          ],
          [
            77.672434,
            12.898356
          ]
        ]
      }
    },
    {
      "type": "Feature",
      "properties": {
        "kind": "road"
      },
      "geometry": {
        "type": "LineString",
        "coordinates": [
          [
            77.672283,
            12.898563
          ],
          [
            77.672413,
            12.898624
          ],
          [
            77.672455,
            12.898656
          ],
          [
            77.672484,
            12.898688
          ],
          [
            77.672501,
            12.898709
          ],
          [
            77.672512,
            12.898733
          ],
          [
            77.672558,
            12.898915
          ]
        ]
      }
    },
    {
      "type": "Feature",
      "properties": {
        "kind": "road"
      },
      "geometry": {
        "type": "LineString",
        "coordinates": [
          [
            77.675118,
            12.90066
          ],
          [
            77.67509,
            12.900266
          ]
        ]
      }
    },
    {
      "type": "Feature",
      "properties": {
        "kind": "road"
      },
      "geometry": {
        "type": "LineString",
        "coordinates": [
          [
            77.675364,
            12.900531
          ],
          [
            77.675419,
            12.900521
          ],
          [
            77.675515,
            12.900507
          ]
        ]
      }
    },
    {
      "type": "Feature",
      "properties": {
        "kind": "road"
      },
      "geometry": {
        "type": "LineString",
        "coordinates": [
          [
            77.67477,
            12.900766
          ],
          [
            77.674678,
            12.900771
          ],
          [
            77.674653,
            12.900751
          ],
          [
            77.674642,
            12.900605
          ],
          [
            77.674643,
            12.900574
          ],
          [
            77.67467,
            12.900554
          ],
          [
            77.674731,
            12.90055
          ],
          [
            77.674747,
            12.900523
          ],
          [
            77.674731,
            12.900296
          ]
        ]
      }
    },
    {
      "type": "Feature",
      "properties": {
        "kind": "road"
      },
      "geometry": {
        "type": "LineString",
        "coordinates": [
          [
            77.674795,
            12.901123
          ],
          [
            77.674543,
            12.90117
          ],
          [
            77.674524,
            12.901163
          ],
          [
            77.674513,
            12.901153
          ],
          [
            77.674508,
            12.901144
          ],
          [
            77.674498,
            12.901055
          ],
          [
            77.6745,
            12.901042
          ],
          [
            77.674504,
            12.901027
          ],
          [
            77.67452,
            12.901009
          ],
          [
            77.674539,
            12.901001
          ],
          [
            77.674705,
            12.901
          ],
          [
            77.674782,
            12.901023
          ]
        ]
      }
    },
    {
      "type": "Feature",
      "properties": {
        "kind": "road"
      },
      "geometry": {
        "type": "LineString",
        "coordinates": [
          [
            77.677605,
            12.898904
          ],
          [
            77.677605,
            12.898966
          ],
          [
            77.677605,
            12.899011
          ],
          [
            77.677602,
            12.899666
          ],
          [
            77.677598,
            12.899681
          ],
          [
            77.677589,
            12.89969
          ],
          [
            77.677572,
            12.899694
          ],
          [
            77.677329,
            12.899698
          ],
          [
            77.677277,
            12.899699
          ],
          [
            77.677215,
            12.8997
          ]
        ]
      }
    },
    {
      "type": "Feature",
      "properties": {
        "kind": "road"
      },
      "geometry": {
        "type": "LineString",
        "coordinates": [
          [
            77.67719,
            12.897353
          ],
          [
            77.677282,
            12.897357
          ],
          [
            77.677993,
            12.897364
          ]
        ]
      }
    },
    {
      "type": "Feature",
      "properties": {
        "kind": "road"
      },
      "geometry": {
        "type": "LineString",
        "coordinates": [
          [
            77.673304,
            12.90011
          ],
          [
            77.673472,
            12.900134
          ],
          [
            77.673553,
            12.90013
          ],
          [
            77.673862,
            12.900111
          ],
          [
            77.674702,
            12.90006
          ],
          [
            77.675473,
            12.900013
          ]
        ]
      }
    },
    {
      "type": "Feature",
      "properties": {
        "kind": "road"
      },
      "geometry": {
        "type": "LineString",
        "coordinates": [
          [
            77.675472,
            12.899957
          ],
          [
            77.674698,
            12.900005
          ],
          [
            77.673858,
            12.900053
          ],
          [
            77.673548,
            12.900071
          ],
          [
            77.673472,
            12.900076
          ],
          [
            77.673304,
            12.90011
          ]
        ]
      }
    },
    {
      "type": "Feature",
      "properties": {
        "kind": "road"
      },
      "geometry": {
        "type": "LineString",
        "coordinates": [
          [
            77.674702,
            12.90006
          ],
          [
            77.674698,
            12.900005
          ]
        ]
      }
    },
    {
      "type": "Feature",
      "properties": {
        "kind": "road"
      },
      "geometry": {
        "type": "LineString",
        "coordinates": [
          [
            77.670968,
            12.89439
          ],
          [
            77.670901,
            12.894195
          ]
        ]
      }
    },
    {
      "type": "Feature",
      "properties": {
        "kind": "road"
      },
      "geometry": {
        "type": "LineString",
        "coordinates": [
          [
            77.670731,
            12.894468
          ],
          [
            77.670849,
            12.894429
          ],
          [
            77.670968,
            12.89439
          ],
          [
            77.671192,
            12.894317
          ],
          [
            77.671361,
            12.894263
          ]
        ]
      }
    },
    {
      "type": "Feature",
      "properties": {
        "kind": "road"
      },
      "geometry": {
        "type": "LineString",
        "coordinates": [
          [
            77.670849,
            12.894429
          ],
          [
            77.671032,
            12.895016
          ]
        ]
      }
    },
    {
      "type": "Feature",
      "properties": {
        "kind": "road"
      },
      "geometry": {
        "type": "LineString",
        "coordinates": [
          [
            77.671192,
            12.894317
          ],
          [
            77.671367,
            12.894915
          ]
        ]
      }
    },
    {
      "type": "Feature",
      "properties": {
        "kind": "road"
      },
      "geometry": {
        "type": "LineString",
        "coordinates": [
          [
            77.677047,
            12.890558
          ],
          [
            77.677409,
            12.890538
          ]
        ]
      }
    },
    {
      "type": "Feature",
      "properties": {
        "kind": "road"
      },
      "geometry": {
        "type": "LineString",
        "coordinates": [
          [
            77.679747,
            12.896451
          ],
          [
            77.679439,
            12.895685
          ]
        ]
      }
    },
    {
      "type": "Feature",
      "properties": {
        "kind": "road"
      },
      "geometry": {
        "type": "LineString",
        "coordinates": [
          [
            77.68136,
            12.890731
          ],
          [
            77.681893,
            12.890698
          ],
          [
            77.682717,
            12.89043
          ],
          [
            77.683874,
            12.890325
          ],
          [
            77.685246,
            12.889172
          ],
          [
            77.685509,
            12.888958
          ],
          [
            77.685572,
            12.888907
          ]
        ]
      }
    },
    {
      "type": "Feature",
      "properties": {
        "kind": "road"
      },
      "geometry": {
        "type": "LineString",
        "coordinates": [
          [
            77.682286,
            12.899718
          ],
          [
            77.682635,
            12.899676
          ]
        ]
      }
    },
    {
      "type": "Feature",
      "properties": {
        "kind": "road"
      },
      "geometry": {
        "type": "LineString",
        "coordinates": [
          [
            77.675191,
            12.900608
          ],
          [
            77.675284,
            12.900604
          ],
          [
            77.675323,
            12.900594
          ],
          [
            77.675344,
            12.900572
          ],
          [
            77.675366,
            12.90055
          ]
        ]
      }
    },
    {
      "type": "Feature",
      "properties": {
        "kind": "road"
      },
      "geometry": {
        "type": "LineString",
        "coordinates": [
          [
            77.675146,
            12.900321
          ],
          [
            77.675282,
            12.900311
          ],
          [
            77.675306,
            12.900314
          ],
          [
            77.675344,
            12.900345
          ]
        ]
      }
    },
    {
      "type": "Feature",
      "properties": {
        "kind": "road"
      },
      "geometry": {
        "type": "LineString",
        "coordinates": [
          [
            77.674909,
            12.900679
          ],
          [
            77.674888,
            12.90029
          ]
        ]
      }
    },
    {
      "type": "Feature",
      "properties": {
        "kind": "road"
      },
      "geometry": {
        "type": "LineString",
        "coordinates": [
          [
            77.674269,
            12.900552
          ],
          [
            77.674397,
            12.900544
          ],
          [
            77.674417,
            12.900834
          ],
          [
            77.674295,
            12.900842
          ]
        ]
      }
    },
    {
      "type": "Feature",
      "properties": {
        "kind": "road"
      },
      "geometry": {
        "type": "LineString",
        "coordinates": [
          [
            77.675374,
            12.900618
          ],
          [
            77.675366,
            12.90055
          ],
          [
            77.675364,
            12.900531
          ],
          [
            77.675349,
            12.90039
          ],
          [
            77.675344,
            12.900345
          ],
          [
            77.675334,
            12.900248
          ]
        ]
      }
    },
    {
      "type": "Feature",
      "properties": {
        "kind": "road"
      },
      "geometry": {
        "type": "LineString",
        "coordinates": [
          [
            77.674909,
            12.900679
          ],
          [
            77.675118,
            12.90066
          ],
          [
            77.675374,
            12.900618
          ]
        ]
      }
    },
    {
      "type": "Feature",
      "properties": {
        "kind": "road"
      },
      "geometry": {
        "type": "LineString",
        "coordinates": [
          [
            77.675536,
            12.900705
          ],
          [
            77.675902,
            12.900672
          ]
        ]
      }
    },
    {
      "type": "Feature",
      "properties": {
        "kind": "road"
      },
      "geometry": {
        "type": "LineString",
        "coordinates": [
          [
            77.674644,
            12.894701
          ],
          [
            77.674462,
            12.894204
          ],
          [
            77.674384,
            12.893979
          ]
        ]
      }
    },
    {
      "type": "Feature",
      "properties": {
        "kind": "road"
      },
      "geometry": {
        "type": "LineString",
        "coordinates": [
          [
            77.674743,
            12.894875
          ],
          [
            77.674644,
            12.894701
          ]
        ]
      }
    },
    {
      "type": "Feature",
      "properties": {
        "kind": "road"
      },
      "geometry": {
        "type": "LineString",
        "coordinates": [
          [
            77.675795,
            12.893707
          ],
          [
            77.675781,
            12.893423
          ],
          [
            77.675275,
            12.893374
          ]
        ]
      }
    },
    {
      "type": "Feature",
      "properties": {
        "kind": "road"
      },
      "geometry": {
        "type": "LineString",
        "coordinates": [
          [
            77.676415,
            12.893508
          ],
          [
            77.676566,
            12.893554
          ],
          [
            77.677076,
            12.893638
          ],
          [
            77.677526,
            12.893703
          ]
        ]
      }
    },
    {
      "type": "Feature",
      "properties": {
        "kind": "road"
      },
      "geometry": {
        "type": "LineString",
        "coordinates": [
          [
            77.675781,
            12.893423
          ],
          [
            77.675969,
            12.893448
          ],
          [
            77.676415,
            12.893508
          ],
          [
            77.676308,
            12.893904
          ]
        ]
      }
    },
    {
      "type": "Feature",
      "properties": {
        "kind": "road"
      },
      "geometry": {
        "type": "LineString",
        "coordinates": [
          [
            77.675781,
            12.893423
          ],
          [
            77.675786,
            12.893303
          ],
          [
            77.6758,
            12.89315
          ],
          [
            77.6758,
            12.893051
          ],
          [
            77.675796,
            12.893014
          ],
          [
            77.675766,
            12.893005
          ],
          [
            77.675517,
            12.893021
          ],
          [
            77.675253,
            12.893062
          ],
          [
            77.675184,
            12.893076
          ],
          [
            77.675102,
            12.893101
          ]
        ]
      }
    },
    {
      "type": "Feature",
      "properties": {
        "kind": "road"
      },
      "geometry": {
        "type": "LineString",
        "coordinates": [
          [
            77.674689,
            12.889074
          ],
          [
            77.67497,
            12.889081
          ]
        ]
      }
    }
  ]
}
